id,source_type,source_identifier,institution_code,program_code,catalog_year,slot_code,status,source_url,last_verified_at,verified_by,verification_status
437faf10-8881-5f3a-b596-07eab6ffb9eb,PROVIDER_COURSE,SOPH-ENG1001,UMPI,BSBA,2025-2026,ENG1,VERIFIED,https://www.umpi.edu/yourpace/faqs/,2026-09-01,seed-research-2026-09,VERIFIED
ad511a88-d64b-5f32-b367-11bd862ae421,PROVIDER_COURSE,SOPH-ENG1002,UMPI,BSBA,2025-2026,ENG2,VERIFIED,https://www.umpi.edu/yourpace/faqs/,2026-09-01,seed-research-2026-09,VERIFIED
d09dc280-5353-50f0-b4ba-ce24996bad5d,PROVIDER_COURSE,SOPH-COMM1001,UMPI,BSBA,2025-2026,COMM,VERIFIED,https://www.umpi.edu/yourpace/faqs/,2026-09-01,seed-research-2026-09,VERIFIED
a2608b69-e8ad-57f7-8ad2-283a60e372d0,PROVIDER_COURSE,SOPH-MATH1001,UMPI,BSBA,2025-2026,QR,VERIFIED,https://www.umpi.edu/yourpace/faqs/,2026-09-01,seed-research-2026-09,VERIFIED
9ce7c20d-d8f7-53a2-9120-b8f3cd096703,PROVIDER_COURSE,SOPH-STAT1001,UMPI,BSBA,2025-2026,STAT,VERIFIED,https://www.umpi.edu/yourpace/faqs/,2026-09-01,seed-research-2026-09,VERIFIED
6fc145ca-a48c-5b5e-83a7-529af9b58d06,PROVIDER_COURSE,SOPH-ENVS1001,UMPI,BSBA,2025-2026,NS2,VERIFIED,https://www.umpi.edu/yourpace/faqs/,2026-09-01,seed-research-2026-09,VERIFIED
9e90fa6b-7509-5b78-9d84-da48ac3777c2,PROVIDER_COURSE,SOPH-BIO1001,UMPI,BSBA,2025-2026,NS2,VERIFIED,https://www.umpi.edu/yourpace/faqs/,2026-09-01,seed-research-2026-09,VERIFIED
0b084330-92d8-58d9-85d3-69d9f832be74,PROVIDER_COURSE,SOPH-ART1001,UMPI,BSBA,2025-2026,HUM1,VERIFIED,https://www.umpi.edu/yourpace/faqs/,2026-09-01,seed-research-2026-09,VERIFIED
4e4d3368-8bec-565f-bbee-5390e15fd5d2,PROVIDER_COURSE,SOPH-PHIL1001,UMPI,BSBA,2025-2026,HUM2,VERIFIED,https://www.umpi.edu/yourpace/faqs/,2026-09-01,seed-research-2026-09,VERIFIED
6a1e5a8f-498b-50e4-bfe3-91984e61d067,PROVIDER_COURSE,SOPH-PHIL1002,UMPI,BSBA,2025-2026,ETHICS,VERIFIED,https://www.umpi.edu/yourpace/faqs/,2026-09-01,seed-research-2026-09,VERIFIED
cb5a0726-f09a-5536-acb7-31d025752b81,PROVIDER_COURSE,SOPH-HIST1001,UMPI,BSBA,2025-2026,HIST,VERIFIED,https://www.umpi.edu/yourpace/faqs/,2026-09-01,seed-research-2026-09,VERIFIED
b247cd03-9c17-5be2-a9e3-6ee8121a552d,PROVIDER_COURSE,SOPH-PSYC1001,UMPI,BSBA,2025-2026,SS1,VERIFIED,https://www.umpi.edu/yourpace/faqs/,2026-09-01,seed-research-2026-09,VERIFIED
2dc25f58-92d4-5438-a6fe-f21d0282c40b,PROVIDER_COURSE,SOPH-SOCI1001,UMPI,BSBA,2025-2026,SS2,VERIFIED,https://www.umpi.edu/yourpace/faqs/,2026-09-01,seed-research-2026-09,VERIFIED
f80d6aaf-2aab-5dc1-bd06-c5219e0aa075,PROVIDER_COURSE,SOPH-CS1001,UMPI,BSBA,2025-2026,INFO,VERIFIED,https://www.umpi.edu/yourpace/faqs/,2026-09-01,seed-research-2026-09,VERIFIED
50856083-f584-5391-b793-79813b1c5dc2,PROVIDER_COURSE,SOPH-BUS1001,UMPI,BSBA,2025-2026,BUS101,VERIFIED,https://www.umpi.edu/yourpace/faqs/,2026-09-01,seed-research-2026-09,VERIFIED
1ebbc625-b125-5517-b8c3-19846edd8801,PROVIDER_COURSE,SOPH-ACCT1001,UMPI,BSBA,2025-2026,ACCT1,VERIFIED,https://www.umpi.edu/yourpace/faqs/,2026-09-01,seed-research-2026-09,VERIFIED
cb3c3de4-2ca6-5be5-b1ce-c629dd71a372,PROVIDER_COURSE,SOPH-ECON1001,UMPI,BSBA,2025-2026,MICRO,VERIFIED,https://www.umpi.edu/yourpace/faqs/,2026-09-01,seed-research-2026-09,VERIFIED
785af940-f49b-5405-aa1e-14aa59a908a7,PROVIDER_COURSE,SOPH-ECON1002,UMPI,BSBA,2025-2026,MACRO,VERIFIED,https://www.umpi.edu/yourpace/faqs/,2026-09-01,seed-research-2026-09,VERIFIED
e7e0769b-2a2e-57d6-abb9-22cf6c3bfb3d,PROVIDER_COURSE,SOPH-MGT1001,UMPI,BSBA,2025-2026,MGT,VERIFIED,https://www.umpi.edu/yourpace/faqs/,2026-09-01,seed-research-2026-09,VERIFIED
9b5c79fa-ff95-5cae-9656-264805953bdd,PROVIDER_COURSE,SOPH-MKT1001,UMPI,BSBA,2025-2026,MKT,VERIFIED,https://www.umpi.edu/yourpace/faqs/,2026-09-01,seed-research-2026-09,VERIFIED
6e62fde5-d4b8-56f0-82de-a954a38428d3,PROVIDER_COURSE,SOPH-BUS1002,UMPI,BSBA,2025-2026,BLAW,VERIFIED,https://www.umpi.edu/yourpace/faqs/,2026-09-01,seed-research-2026-09,VERIFIED
714ab466-b448-5f16-85ec-0c2ec79056bd,PROVIDER_COURSE,SOPH-CS1002,UMPI,BSBA,2025-2026,IS,VERIFIED,https://www.umpi.edu/yourpace/faqs/,2026-09-01,seed-research-2026-09,VERIFIED
00ca1594-e56a-5043-a18d-66a05394a5ad,PROVIDER_COURSE,SDC-ENG104,UMPI,BSBA,2025-2026,ENG1,VERIFIED,https://www.umpi.edu/yourpace/faqs/,2026-09-01,seed-research-2026-09,VERIFIED
967cb2bb-c577-543a-a618-0ae5b1ac8ee1,PROVIDER_COURSE,SDC-ENG105,UMPI,BSBA,2025-2026,ENG2,VERIFIED,https://www.umpi.edu/yourpace/faqs/,2026-09-01,seed-research-2026-09,VERIFIED
385fafff-5b9e-59ab-be36-85f22f3ee18e,PROVIDER_COURSE,SDC-MATH101,UMPI,BSBA,2025-2026,QR,VERIFIED,https://www.umpi.edu/yourpace/faqs/,2026-09-01,seed-research-2026-09,VERIFIED
11430504-5051-5ba4-80d3-128463f3788b,PROVIDER_COURSE,SDC-STAT101,UMPI,BSBA,2025-2026,STAT,VERIFIED,https://www.umpi.edu/yourpace/faqs/,2026-09-01,seed-research-2026-09,VERIFIED
94825933-9848-58f6-8198-db7f73611cb6,PROVIDER_COURSE,SDC-BUS101,UMPI,BSBA,2025-2026,MGT,VERIFIED,https://www.umpi.edu/yourpace/faqs/,2026-09-01,seed-research-2026-09,VERIFIED
f3379829-a196-5624-9a92-38d9c4c09db6,PROVIDER_COURSE,SDC-BUS103,UMPI,BSBA,2025-2026,BLAW,VERIFIED,https://www.umpi.edu/yourpace/faqs/,2026-09-01,seed-research-2026-09,VERIFIED
adf0c97e-aec2-56f3-bc63-dd7a603297f8,PROVIDER_COURSE,SDC-ACCT101,UMPI,BSBA,2025-2026,ACCT1,VERIFIED,https://www.umpi.edu/yourpace/faqs/,2026-09-01,seed-research-2026-09,VERIFIED
d8e7fe3f-42ad-5f63-942a-4f191aaa483c,PROVIDER_COURSE,SDC-ACCT102,UMPI,BSBA,2025-2026,ACCT2,VERIFIED,https://www.umpi.edu/yourpace/faqs/,2026-09-01,seed-research-2026-09,VERIFIED
bae15ed5-f9c9-55c2-80ff-a172f575976f,PROVIDER_COURSE,SDC-FIN101,UMPI,BSBA,2025-2026,FIN,VERIFIED,https://www.umpi.edu/yourpace/faqs/,2026-09-01,seed-research-2026-09,VERIFIED
333306ba-b03a-50e9-b529-c7863c32831e,PROVIDER_COURSE,SDC-HR101,UMPI,BSBA,2025-2026,HR,VERIFIED,https://www.umpi.edu/yourpace/faqs/,2026-09-01,seed-research-2026-09,VERIFIED
a785c6db-19c8-5be5-a8ab-bcfbcad93e3e,PROVIDER_COURSE,SDC-CS103,UMPI,BSBA,2025-2026,INFO,VERIFIED,https://www.umpi.edu/yourpace/faqs/,2026-09-01,seed-research-2026-09,VERIFIED
1c8e2290-f824-5f35-ac5a-252b4676cf0c,PROVIDER_COURSE,SL-ENG101,UMPI,BSBA,2025-2026,ENG1,VERIFIED,https://www.umpi.edu/yourpace/faqs/,2026-09-01,seed-research-2026-09,VERIFIED
b90b1c8b-a54e-5302-856f-09970c4260ae,PROVIDER_COURSE,SL-ENG102,UMPI,BSBA,2025-2026,ENG2,VERIFIED,https://www.umpi.edu/yourpace/faqs/,2026-09-01,seed-research-2026-09,VERIFIED
4773602a-3406-53e5-bc5c-704ded52a78d,PROVIDER_COURSE,SL-MAT101,UMPI,BSBA,2025-2026,QR,VERIFIED,https://www.umpi.edu/yourpace/faqs/,2026-09-01,seed-research-2026-09,VERIFIED
ea932604-1fa3-548a-a729-c15da961c78d,PROVIDER_COURSE,SL-MAT201,UMPI,BSBA,2025-2026,STAT,VERIFIED,https://www.umpi.edu/yourpace/faqs/,2026-09-01,seed-research-2026-09,VERIFIED
c0f235d3-fd1d-505e-8ad3-54323c77e7f1,PROVIDER_COURSE,SL-BIO101,UMPI,BSBA,2025-2026,NS2,VERIFIED,https://www.umpi.edu/yourpace/faqs/,2026-09-01,seed-research-2026-09,VERIFIED
02ce6018-5324-5371-9df9-2827c3f0a9fc,PROVIDER_COURSE,SL-CHEM101,UMPI,BSBA,2025-2026,NS1,VERIFIED,https://www.umpi.edu/yourpace/faqs/,2026-09-01,seed-research-2026-09,VERIFIED
26030f34-8fa7-5095-b244-0f756abaf78f,PROVIDER_COURSE,SL-PSY101,UMPI,BSBA,2025-2026,SS1,VERIFIED,https://www.umpi.edu/yourpace/faqs/,2026-09-01,seed-research-2026-09,VERIFIED
94138666-5743-5e69-962e-270082985577,PROVIDER_COURSE,SL-SOC101,UMPI,BSBA,2025-2026,SS2,VERIFIED,https://www.umpi.edu/yourpace/faqs/,2026-09-01,seed-research-2026-09,VERIFIED
e97b1f88-c760-5bbf-b640-29891bab66b9,PROVIDER_COURSE,SL-ACC101,UMPI,BSBA,2025-2026,ACCT1,VERIFIED,https://www.umpi.edu/yourpace/faqs/,2026-09-01,seed-research-2026-09,VERIFIED
baba7d41-c85d-5240-bedb-9552e835246d,PROVIDER_COURSE,SL-ACC102,UMPI,BSBA,2025-2026,ACCT2,VERIFIED,https://www.umpi.edu/yourpace/faqs/,2026-09-01,seed-research-2026-09,VERIFIED
7f2ccdcd-4e7e-5aea-b9f8-8e1e02c60be5,PROVIDER_COURSE,SL-BUS105,UMPI,BSBA,2025-2026,COMM,VERIFIED,https://www.umpi.edu/yourpace/faqs/,2026-09-01,seed-research-2026-09,VERIFIED
6bb0d891-ddb4-5193-b618-32f6154d55a0,PROVIDER_COURSE,SL-BUS110,UMPI,BSBA,2025-2026,BUS101,VERIFIED,https://www.umpi.edu/yourpace/faqs/,2026-09-01,seed-research-2026-09,VERIFIED
b3f09dca-fcca-5f95-8874-6fed194d4fc2,PROVIDER_COURSE,SL-CIV101,UMPI,BSBA,2025-2026,HIST,VERIFIED,https://www.umpi.edu/yourpace/faqs/,2026-09-01,seed-research-2026-09,VERIFIED
6d4275eb-264a-5b7b-9b42-893db5ae4d6a,PROVIDER_COURSE,SL-CIV101,UMPI,BSBA,2025-2026,HUM1,VERIFIED,https://www.umpi.edu/yourpace/faqs/,2026-09-01,seed-research-2026-09,VERIFIED
dacc5fb0-d04a-5c1c-999e-f68cab86279c,EXAM,CLEP-COMP1,UMPI,BSBA,2025-2026,ENG1,VERIFIED,https://www.umpi.edu/yourpace/faqs/,2026-09-01,seed-research-2026-09,VERIFIED
b449736e-dc27-5d81-a2d2-6ce0280805fa,EXAM,CLEP-COMP1,UMPI,BSBA,2025-2026,ENG2,VERIFIED,https://www.umpi.edu/yourpace/faqs/,2026-09-01,seed-research-2026-09,VERIFIED
4d6934e7-03b3-5f6e-8b02-43713441043b,EXAM,CLEP-CALG,UMPI,BSBA,2025-2026,QR,VERIFIED,https://www.umpi.edu/yourpace/faqs/,2026-09-01,seed-research-2026-09,VERIFIED
f94ae885-3ada-5cba-8404-ddd8c435542f,EXAM,CLEP-CALC,UMPI,BSBA,2025-2026,QR,VERIFIED,https://www.umpi.edu/yourpace/faqs/,2026-09-01,seed-research-2026-09,VERIFIED
5059d68e-fa58-5abd-a256-264e573c577c,EXAM,CLEP-COLMATH,UMPI,BSBA,2025-2026,QR,VERIFIED,https://www.umpi.edu/yourpace/faqs/,2026-09-01,seed-research-2026-09,VERIFIED
b9f01826-96fa-5398-9bd8-2d26e1e5187a,EXAM,CLEP-USH1,UMPI,BSBA,2025-2026,HIST,VERIFIED,https://www.umpi.edu/yourpace/faqs/,2026-09-01,seed-research-2026-09,VERIFIED
f2278b60-9d64-56e2-a075-e6d28de0a853,EXAM,CLEP-USH2,UMPI,BSBA,2025-2026,HIST,VERIFIED,https://www.umpi.edu/yourpace/faqs/,2026-09-01,seed-research-2026-09,VERIFIED
1ac40776-0418-51b0-a4d0-3424cb5177f0,EXAM,CLEP-PSY,UMPI,BSBA,2025-2026,SS1,VERIFIED,https://www.umpi.edu/yourpace/faqs/,2026-09-01,seed-research-2026-09,VERIFIED
3012ee4c-8ca0-5eaf-be66-c96f48b83515,EXAM,CLEP-SOC,UMPI,BSBA,2025-2026,SS2,VERIFIED,https://www.umpi.edu/yourpace/faqs/,2026-09-01,seed-research-2026-09,VERIFIED
f61c41d5-852c-57b0-acc6-a9abc61a35c4,EXAM,CLEP-MGT,UMPI,BSBA,2025-2026,MGT,VERIFIED,https://www.umpi.edu/yourpace/faqs/,2026-09-01,seed-research-2026-09,VERIFIED
cd0ce01e-76fe-5fb9-b5fd-0560b81ec96d,EXAM,CLEP-MKT,UMPI,BSBA,2025-2026,MKT,VERIFIED,https://www.umpi.edu/yourpace/faqs/,2026-09-01,seed-research-2026-09,VERIFIED
8b5c0c60-5d74-54d7-b07b-3c77d01d10a4,EXAM,CLEP-MACRO,UMPI,BSBA,2025-2026,MACRO,VERIFIED,https://www.umpi.edu/yourpace/faqs/,2026-09-01,seed-research-2026-09,VERIFIED
3a4a460e-0508-5d45-b37e-36468ea5ab98,EXAM,CLEP-MICRO,UMPI,BSBA,2025-2026,MICRO,VERIFIED,https://www.umpi.edu/yourpace/faqs/,2026-09-01,seed-research-2026-09,VERIFIED
83947989-15cf-54ee-9700-d68988f98e87,EXAM,CLEP-IT,UMPI,BSBA,2025-2026,INFO,VERIFIED,https://www.umpi.edu/yourpace/faqs/,2026-09-01,seed-research-2026-09,VERIFIED
af6d865a-c53d-5fd4-aad4-2b44048c490f,EXAM,CLEP-IT,UMPI,BSBA,2025-2026,IS,VERIFIED,https://www.umpi.edu/yourpace/faqs/,2026-09-01,seed-research-2026-09,VERIFIED
5f25fd3e-d139-5579-a874-b870b4d0814c,EXAM,CLEP-BIO,UMPI,BSBA,2025-2026,NS1,VERIFIED,https://www.umpi.edu/yourpace/faqs/,2026-09-01,seed-research-2026-09,VERIFIED
6a7777d1-5008-544a-8fa8-246f41af1f3b,EXAM,CLEP-BIO,UMPI,BSBA,2025-2026,NS2,VERIFIED,https://www.umpi.edu/yourpace/faqs/,2026-09-01,seed-research-2026-09,VERIFIED
ae88c0e8-f8ca-5b82-92bd-39af117b8db4,EXAM,CLEP-ANA,UMPI,BSBA,2025-2026,HUM1,VERIFIED,https://www.umpi.edu/yourpace/faqs/,2026-09-01,seed-research-2026-09,VERIFIED
172373ec-e63f-59a6-9e7f-35e9b2c2005b,EXAM,CLEP-ANA,UMPI,BSBA,2025-2026,HUM2,VERIFIED,https://www.umpi.edu/yourpace/faqs/,2026-09-01,seed-research-2026-09,VERIFIED
1e4d1bbc-a7bc-51ee-9ce5-e3c1c295caf7,INSTITUTION_COURSE,ENGL101,UMPI,BSBA,2025-2026,ENG1,VERIFIED,https://www.umpi.edu/yourpace/faqs/,2026-09-01,seed-research-2026-09,VERIFIED
9240d6f5-0e7b-5574-9594-3253bec99982,INSTITUTION_COURSE,ENGL102,UMPI,BSBA,2025-2026,ENG2,VERIFIED,https://www.umpi.edu/yourpace/faqs/,2026-09-01,seed-research-2026-09,VERIFIED
e8a2f74e-c46e-538c-8fb6-9ef613d9b3be,INSTITUTION_COURSE,MATH110,UMPI,BSBA,2025-2026,QR,VERIFIED,https://www.umpi.edu/yourpace/faqs/,2026-09-01,seed-research-2026-09,VERIFIED
8346b0f1-1869-53bb-a20f-7c399fdbd756,INSTITUTION_COURSE,MATH210,UMPI,BSBA,2025-2026,STAT,VERIFIED,https://www.umpi.edu/yourpace/faqs/,2026-09-01,seed-research-2026-09,VERIFIED
7db702c1-dec9-5ed0-9b82-c498cc44942e,INSTITUTION_COURSE,BIOL101,UMPI,BSBA,2025-2026,NS2,VERIFIED,https://www.umpi.edu/yourpace/faqs/,2026-09-01,seed-research-2026-09,VERIFIED
9953f613-0e16-57c3-b587-9034aa9ec9f1,INSTITUTION_COURSE,CHEM101,UMPI,BSBA,2025-2026,NS1,VERIFIED,https://www.umpi.edu/yourpace/faqs/,2026-09-01,seed-research-2026-09,VERIFIED
832c729b-22bc-54cc-acb5-c48a8844685f,INSTITUTION_COURSE,HIST101,UMPI,BSBA,2025-2026,HIST,VERIFIED,https://www.umpi.edu/yourpace/faqs/,2026-09-01,seed-research-2026-09,VERIFIED
deedc5f7-9166-5a0c-b9bd-d176517b128c,INSTITUTION_COURSE,PSYC101,UMPI,BSBA,2025-2026,SS1,VERIFIED,https://www.umpi.edu/yourpace/faqs/,2026-09-01,seed-research-2026-09,VERIFIED
2300c280-9b54-53e3-9efe-ddb9288fe91a,INSTITUTION_COURSE,SOCI101,UMPI,BSBA,2025-2026,SS2,VERIFIED,https://www.umpi.edu/yourpace/faqs/,2026-09-01,seed-research-2026-09,VERIFIED
c680de31-fc8b-5fd2-9e34-a331feb55acd,INSTITUTION_COURSE,SPCH101,UMPI,BSBA,2025-2026,COMM,VERIFIED,https://www.umpi.edu/yourpace/faqs/,2026-09-01,seed-research-2026-09,VERIFIED
c0fdde4b-d74f-5e80-b639-907e2cb19338,INSTITUTION_COURSE,CSCI101,UMPI,BSBA,2025-2026,INFO,VERIFIED,https://www.umpi.edu/yourpace/faqs/,2026-09-01,seed-research-2026-09,VERIFIED
8abd508c-48cf-55c5-81ea-f6a82c12f22e,INSTITUTION_COURSE,BUS101,UMPI,BSBA,2025-2026,BUS101,VERIFIED,https://www.umpi.edu/yourpace/faqs/,2026-09-01,seed-research-2026-09,VERIFIED
57f982a4-f36b-5874-881d-66c56ff9c931,INSTITUTION_COURSE,ACCT201,UMPI,BSBA,2025-2026,ACCT1,VERIFIED,https://www.umpi.edu/yourpace/faqs/,2026-09-01,seed-research-2026-09,VERIFIED
4427c6fb-c75e-55c4-904a-19ad2d1dd35a,INSTITUTION_COURSE,ACCT202,UMPI,BSBA,2025-2026,ACCT2,VERIFIED,https://www.umpi.edu/yourpace/faqs/,2026-09-01,seed-research-2026-09,VERIFIED
af0de57b-41f4-59cc-83b5-18aff866a37f,INSTITUTION_COURSE,ECON201,UMPI,BSBA,2025-2026,MICRO,VERIFIED,https://www.umpi.edu/yourpace/faqs/,2026-09-01,seed-research-2026-09,VERIFIED
2db6a970-5653-5ff9-92f1-5b6f6da44dac,INSTITUTION_COURSE,ECON202,UMPI,BSBA,2025-2026,MACRO,VERIFIED,https://www.umpi.edu/yourpace/faqs/,2026-09-01,seed-research-2026-09,VERIFIED
a78d64cb-6842-5eb7-9c6c-b8c30adcc06f,INSTITUTION_COURSE,MGMT201,UMPI,BSBA,2025-2026,MGT,VERIFIED,https://www.umpi.edu/yourpace/faqs/,2026-09-01,seed-research-2026-09,VERIFIED
237d61c4-bad3-516a-9d6e-fe82fc357545,INSTITUTION_COURSE,MKTG201,UMPI,BSBA,2025-2026,MKT,VERIFIED,https://www.umpi.edu/yourpace/faqs/,2026-09-01,seed-research-2026-09,VERIFIED
7dab23eb-b5b9-5875-b12d-8b155f6d3816,PROVIDER_COURSE,SOPH-ENG1001,UMPI,BSCY,2025-2026,ENG1,VERIFIED,https://www.umpi.edu/yourpace/faqs/,2026-09-01,seed-research-2026-09,VERIFIED
8bb15452-ecc8-57a1-9494-34641e2d56c6,PROVIDER_COURSE,SOPH-ENG1002,UMPI,BSCY,2025-2026,ENG2,VERIFIED,https://www.umpi.edu/yourpace/faqs/,2026-09-01,seed-research-2026-09,VERIFIED
3c8665d1-9836-535f-ad5c-65118d5bd1de,PROVIDER_COURSE,SOPH-COMM1001,UMPI,BSCY,2025-2026,COMM,VERIFIED,https://www.umpi.edu/yourpace/faqs/,2026-09-01,seed-research-2026-09,VERIFIED
d0f8d08a-e75f-54f5-abde-b4512d18af34,PROVIDER_COURSE,SOPH-MATH1001,UMPI,BSCY,2025-2026,QR,VERIFIED,https://www.umpi.edu/yourpace/faqs/,2026-09-01,seed-research-2026-09,VERIFIED
fb1b0a11-d870-576b-a589-e5aa43a51f8e,PROVIDER_COURSE,SOPH-STAT1001,UMPI,BSCY,2025-2026,STAT,VERIFIED,https://www.umpi.edu/yourpace/faqs/,2026-09-01,seed-research-2026-09,VERIFIED
22fd9d82-7610-5d87-ac17-bfc14083b17d,PROVIDER_COURSE,SOPH-ENVS1001,UMPI,BSCY,2025-2026,NS2,VERIFIED,https://www.umpi.edu/yourpace/faqs/,2026-09-01,seed-research-2026-09,VERIFIED
d734b914-dfc8-516a-b331-0aea0bcf4ea2,PROVIDER_COURSE,SOPH-BIO1001,UMPI,BSCY,2025-2026,NS2,VERIFIED,https://www.umpi.edu/yourpace/faqs/,2026-09-01,seed-research-2026-09,VERIFIED
a1c578d3-7607-5809-b1aa-7d946369578b,PROVIDER_COURSE,SOPH-ART1001,UMPI,BSCY,2025-2026,HUM1,VERIFIED,https://www.umpi.edu/yourpace/faqs/,2026-09-01,seed-research-2026-09,VERIFIED
b32d5f22-8d7e-598b-8155-53e3f7b89790,PROVIDER_COURSE,SOPH-PHIL1001,UMPI,BSCY,2025-2026,HUM2,VERIFIED,https://www.umpi.edu/yourpace/faqs/,2026-09-01,seed-research-2026-09,VERIFIED
456515bb-f736-543f-a9fc-3061951a4a8c,PROVIDER_COURSE,SOPH-PHIL1002,UMPI,BSCY,2025-2026,ETHICS,VERIFIED,https://www.umpi.edu/yourpace/faqs/,2026-09-01,seed-research-2026-09,VERIFIED
37c9d1fd-ba91-58ac-9c1a-621c6536af82,PROVIDER_COURSE,SOPH-HIST1001,UMPI,BSCY,2025-2026,HIST,VERIFIED,https://www.umpi.edu/yourpace/faqs/,2026-09-01,seed-research-2026-09,VERIFIED
ab663618-64ec-5dbd-b99c-f88238402a0c,PROVIDER_COURSE,SOPH-PSYC1001,UMPI,BSCY,2025-2026,SS1,VERIFIED,https://www.umpi.edu/yourpace/faqs/,2026-09-01,seed-research-2026-09,VERIFIED
d56a0bc7-7963-5073-925e-4dbdaf5eb030,PROVIDER_COURSE,SOPH-SOCI1001,UMPI,BSCY,2025-2026,SS2,VERIFIED,https://www.umpi.edu/yourpace/faqs/,2026-09-01,seed-research-2026-09,VERIFIED
9a60584d-f09b-52bd-8046-b7c882daa7d2,PROVIDER_COURSE,SOPH-CS1001,UMPI,BSCY,2025-2026,INFO,VERIFIED,https://www.umpi.edu/yourpace/faqs/,2026-09-01,seed-research-2026-09,VERIFIED
d4fa7585-a178-58f7-9428-58a6ec95df03,PROVIDER_COURSE,SOPH-CS1001,UMPI,BSCY,2025-2026,IT101,VERIFIED,https://www.umpi.edu/yourpace/faqs/,2026-09-01,seed-research-2026-09,VERIFIED
83cbb73d-f85e-567e-9935-a433182ec982,PROVIDER_COURSE,SOPH-CS1002,UMPI,BSCY,2025-2026,DB,VERIFIED,https://www.umpi.edu/yourpace/faqs/,2026-09-01,seed-research-2026-09,VERIFIED
0231a86d-0586-5ef7-a7da-2cc030453f67,PROVIDER_COURSE,SOPH-CS1003,UMPI,BSCY,2025-2026,PROG,VERIFIED,https://www.umpi.edu/yourpace/faqs/,2026-09-01,seed-research-2026-09,VERIFIED
77c381ec-b83c-574e-81b4-42ea3a32f99f,PROVIDER_COURSE,SOPH-CS1004,UMPI,BSCY,2025-2026,WEB,VERIFIED,https://www.umpi.edu/yourpace/faqs/,2026-09-01,seed-research-2026-09,VERIFIED
f2959a54-0f65-57ad-9157-8e2ce662c347,PROVIDER_COURSE,SOPH-CS1005,UMPI,BSCY,2025-2026,NET,VERIFIED,https://www.umpi.edu/yourpace/faqs/,2026-09-01,seed-research-2026-09,VERIFIED
ebc3be1b-d1fd-5c79-a68f-ce9f0fa5a26d,PROVIDER_COURSE,SDC-ENG104,UMPI,BSCY,2025-2026,ENG1,VERIFIED,https://www.umpi.edu/yourpace/faqs/,2026-09-01,seed-research-2026-09,VERIFIED
373137a0-b5fd-5a38-be74-b7a64b31b390,PROVIDER_COURSE,SDC-ENG105,UMPI,BSCY,2025-2026,ENG2,VERIFIED,https://www.umpi.edu/yourpace/faqs/,2026-09-01,seed-research-2026-09,VERIFIED
167146fd-e7b6-585b-888e-b95139c4003b,PROVIDER_COURSE,SDC-MATH101,UMPI,BSCY,2025-2026,QR,VERIFIED,https://www.umpi.edu/yourpace/faqs/,2026-09-01,seed-research-2026-09,VERIFIED
783f2130-e3e6-5a25-8f4f-0fa022a50a75,PROVIDER_COURSE,SDC-STAT101,UMPI,BSCY,2025-2026,STAT,VERIFIED,https://www.umpi.edu/yourpace/faqs/,2026-09-01,seed-research-2026-09,VERIFIED
5e013a85-ceb2-5a8d-a5c9-da8216c28842,PROVIDER_COURSE,SDC-CS103,UMPI,BSCY,2025-2026,INFO,VERIFIED,https://www.umpi.edu/yourpace/faqs/,2026-09-01,seed-research-2026-09,VERIFIED
0120a6cb-223e-5971-8d45-bfe0e1bf110a,PROVIDER_COURSE,SDC-CS105,UMPI,BSCY,2025-2026,OS,VERIFIED,https://www.umpi.edu/yourpace/faqs/,2026-09-01,seed-research-2026-09,VERIFIED
cc723d92-a282-51fd-8a50-6c98e07f2288,PROVIDER_COURSE,SDC-CS202,UMPI,BSCY,2025-2026,NET,VERIFIED,https://www.umpi.edu/yourpace/faqs/,2026-09-01,seed-research-2026-09,VERIFIED
729bbc30-1bfa-521e-b765-b88fc56e6054,PROVIDER_COURSE,SDC-CS202,UMPI,BSCY,2025-2026,SEC1,VERIFIED,https://www.umpi.edu/yourpace/faqs/,2026-09-01,seed-research-2026-09,VERIFIED
cca91660-4274-5471-a84a-5cd67246427f,PROVIDER_COURSE,SDC-CS303,UMPI,BSCY,2025-2026,DB,VERIFIED,https://www.umpi.edu/yourpace/faqs/,2026-09-01,seed-research-2026-09,VERIFIED
dcfe89f1-4e93-5ede-8890-e443cd151f68,PROVIDER_COURSE,SDC-CYB101,UMPI,BSCY,2025-2026,SEC1,VERIFIED,https://www.umpi.edu/yourpace/faqs/,2026-09-01,seed-research-2026-09,VERIFIED
115ee59b-a297-573d-bc43-fa949eda0afc,PROVIDER_COURSE,SL-ENG101,UMPI,BSCY,2025-2026,ENG1,VERIFIED,https://www.umpi.edu/yourpace/faqs/,2026-09-01,seed-research-2026-09,VERIFIED
26e9d524-493c-5f2a-809d-3c7d6e6e7aaa,PROVIDER_COURSE,SL-ENG102,UMPI,BSCY,2025-2026,ENG2,VERIFIED,https://www.umpi.edu/yourpace/faqs/,2026-09-01,seed-research-2026-09,VERIFIED
d9a54088-1416-521b-bd20-b2973649e804,PROVIDER_COURSE,SL-MAT101,UMPI,BSCY,2025-2026,QR,VERIFIED,https://www.umpi.edu/yourpace/faqs/,2026-09-01,seed-research-2026-09,VERIFIED
e9fc8850-fa77-5040-b7d0-483e1252fe20,PROVIDER_COURSE,SL-MAT201,UMPI,BSCY,2025-2026,STAT,VERIFIED,https://www.umpi.edu/yourpace/faqs/,2026-09-01,seed-research-2026-09,VERIFIED
f63c8b77-b0e9-558a-b1fb-93d75a0d9c1f,PROVIDER_COURSE,SL-BIO101,UMPI,BSCY,2025-2026,NS2,VERIFIED,https://www.umpi.edu/yourpace/faqs/,2026-09-01,seed-research-2026-09,VERIFIED
760bd3d0-540a-5cf3-a2b4-c481b0ea0e57,PROVIDER_COURSE,SL-CHEM101,UMPI,BSCY,2025-2026,NS1,VERIFIED,https://www.umpi.edu/yourpace/faqs/,2026-09-01,seed-research-2026-09,VERIFIED
c83a5df4-4d58-5527-a2f3-8939a3e33293,PROVIDER_COURSE,SL-PSY101,UMPI,BSCY,2025-2026,SS1,VERIFIED,https://www.umpi.edu/yourpace/faqs/,2026-09-01,seed-research-2026-09,VERIFIED
46af6abf-dc5c-5680-ae0a-465a0f235f4b,PROVIDER_COURSE,SL-SOC101,UMPI,BSCY,2025-2026,SS2,VERIFIED,https://www.umpi.edu/yourpace/faqs/,2026-09-01,seed-research-2026-09,VERIFIED
0e486ddb-007d-5fb1-9a25-fd56b536a048,PROVIDER_COURSE,SL-BUS105,UMPI,BSCY,2025-2026,COMM,VERIFIED,https://www.umpi.edu/yourpace/faqs/,2026-09-01,seed-research-2026-09,VERIFIED
230e22c3-5343-55e0-a3b5-7125c749faf1,PROVIDER_COURSE,SL-CIV101,UMPI,BSCY,2025-2026,HIST,VERIFIED,https://www.umpi.edu/yourpace/faqs/,2026-09-01,seed-research-2026-09,VERIFIED
4e70884d-f58b-5acd-bd66-2f4262955d70,PROVIDER_COURSE,SL-CIV101,UMPI,BSCY,2025-2026,HUM1,VERIFIED,https://www.umpi.edu/yourpace/faqs/,2026-09-01,seed-research-2026-09,VERIFIED
3dd90997-7263-5a92-84fc-8e071e4b323a,PROVIDER_COURSE,SL-IT101,UMPI,BSCY,2025-2026,PROG,VERIFIED,https://www.umpi.edu/yourpace/faqs/,2026-09-01,seed-research-2026-09,VERIFIED
b495a6e9-dfc7-5853-8a38-2aff90e157bd,EXAM,CLEP-COMP1,UMPI,BSCY,2025-2026,ENG1,VERIFIED,https://www.umpi.edu/yourpace/faqs/,2026-09-01,seed-research-2026-09,VERIFIED
6cf70495-8f47-5d6c-afe8-fc7597386dff,EXAM,CLEP-COMP1,UMPI,BSCY,2025-2026,ENG2,VERIFIED,https://www.umpi.edu/yourpace/faqs/,2026-09-01,seed-research-2026-09,VERIFIED
fc2ae493-6cc9-5d49-915a-bf176df65d10,EXAM,CLEP-CALG,UMPI,BSCY,2025-2026,QR,VERIFIED,https://www.umpi.edu/yourpace/faqs/,2026-09-01,seed-research-2026-09,VERIFIED
d7100f05-c341-54de-b3c7-3ecaa8e4257c,EXAM,CLEP-CALC,UMPI,BSCY,2025-2026,QR,VERIFIED,https://www.umpi.edu/yourpace/faqs/,2026-09-01,seed-research-2026-09,VERIFIED
0062030d-3ad3-59e5-b793-5a33f0a7be5e,EXAM,CLEP-COLMATH,UMPI,BSCY,2025-2026,QR,VERIFIED,https://www.umpi.edu/yourpace/faqs/,2026-09-01,seed-research-2026-09,VERIFIED
5824de15-843b-5ca7-b8ad-5ca963a68a98,EXAM,CLEP-USH1,UMPI,BSCY,2025-2026,HIST,VERIFIED,https://www.umpi.edu/yourpace/faqs/,2026-09-01,seed-research-2026-09,VERIFIED
81a1223d-0265-5402-97a2-c900000f54f8,EXAM,CLEP-USH2,UMPI,BSCY,2025-2026,HIST,VERIFIED,https://www.umpi.edu/yourpace/faqs/,2026-09-01,seed-research-2026-09,VERIFIED
124b1f79-b3df-5fb7-bb60-5770bac89caf,EXAM,CLEP-PSY,UMPI,BSCY,2025-2026,SS1,VERIFIED,https://www.umpi.edu/yourpace/faqs/,2026-09-01,seed-research-2026-09,VERIFIED
c2cfe1f7-e234-5130-bd3f-e8db324f3c8e,EXAM,CLEP-SOC,UMPI,BSCY,2025-2026,SS2,VERIFIED,https://www.umpi.edu/yourpace/faqs/,2026-09-01,seed-research-2026-09,VERIFIED
2d09844f-3496-594c-a341-13f5634d3028,EXAM,CLEP-IT,UMPI,BSCY,2025-2026,INFO,VERIFIED,https://www.umpi.edu/yourpace/faqs/,2026-09-01,seed-research-2026-09,VERIFIED
9dc5e0b5-6b9f-57c8-b213-a169cfee39ed,EXAM,CLEP-BIO,UMPI,BSCY,2025-2026,NS1,VERIFIED,https://www.umpi.edu/yourpace/faqs/,2026-09-01,seed-research-2026-09,VERIFIED
7bba0e2f-ba17-5336-9690-c61fce107ffe,EXAM,CLEP-BIO,UMPI,BSCY,2025-2026,NS2,VERIFIED,https://www.umpi.edu/yourpace/faqs/,2026-09-01,seed-research-2026-09,VERIFIED
5debe71a-5781-51ab-9519-8cc04c6dd842,EXAM,CLEP-ANA,UMPI,BSCY,2025-2026,HUM1,VERIFIED,https://www.umpi.edu/yourpace/faqs/,2026-09-01,seed-research-2026-09,VERIFIED
f0c376b9-53d2-5c48-9bb2-6922dbf4dd5b,EXAM,CLEP-ANA,UMPI,BSCY,2025-2026,HUM2,VERIFIED,https://www.umpi.edu/yourpace/faqs/,2026-09-01,seed-research-2026-09,VERIFIED
ceace9f4-0088-553f-9777-fb2a3d291d51,INSTITUTION_COURSE,ENGL101,UMPI,BSCY,2025-2026,ENG1,VERIFIED,https://www.umpi.edu/yourpace/faqs/,2026-09-01,seed-research-2026-09,VERIFIED
dc3ccbaf-a0eb-5a52-99de-130d9c276774,INSTITUTION_COURSE,ENGL102,UMPI,BSCY,2025-2026,ENG2,VERIFIED,https://www.umpi.edu/yourpace/faqs/,2026-09-01,seed-research-2026-09,VERIFIED
cff4f272-ce04-5211-9644-bac609aaa073,INSTITUTION_COURSE,MATH110,UMPI,BSCY,2025-2026,QR,VERIFIED,https://www.umpi.edu/yourpace/faqs/,2026-09-01,seed-research-2026-09,VERIFIED
712edf56-9df0-57b2-9330-37a874d2696b,INSTITUTION_COURSE,MATH210,UMPI,BSCY,2025-2026,STAT,VERIFIED,https://www.umpi.edu/yourpace/faqs/,2026-09-01,seed-research-2026-09,VERIFIED
7280b0a0-24d3-57f9-a10b-26e8076d6bf7,INSTITUTION_COURSE,BIOL101,UMPI,BSCY,2025-2026,NS2,VERIFIED,https://www.umpi.edu/yourpace/faqs/,2026-09-01,seed-research-2026-09,VERIFIED
77a3973b-11ac-5599-b302-bc7d845aee67,INSTITUTION_COURSE,CHEM101,UMPI,BSCY,2025-2026,NS1,VERIFIED,https://www.umpi.edu/yourpace/faqs/,2026-09-01,seed-research-2026-09,VERIFIED
d5b7517c-9a5f-5b4c-90d8-05093e8a69ea,INSTITUTION_COURSE,HIST101,UMPI,BSCY,2025-2026,HIST,VERIFIED,https://www.umpi.edu/yourpace/faqs/,2026-09-01,seed-research-2026-09,VERIFIED
5031df41-5559-5c2b-9798-dcbffeca08c9,INSTITUTION_COURSE,PSYC101,UMPI,BSCY,2025-2026,SS1,VERIFIED,https://www.umpi.edu/yourpace/faqs/,2026-09-01,seed-research-2026-09,VERIFIED
060937e0-cbd7-5c2b-b5c6-520227f29edb,INSTITUTION_COURSE,SOCI101,UMPI,BSCY,2025-2026,SS2,VERIFIED,https://www.umpi.edu/yourpace/faqs/,2026-09-01,seed-research-2026-09,VERIFIED
256ad45d-0385-5153-8348-f7b591d88bf4,INSTITUTION_COURSE,SPCH101,UMPI,BSCY,2025-2026,COMM,VERIFIED,https://www.umpi.edu/yourpace/faqs/,2026-09-01,seed-research-2026-09,VERIFIED
dff351e5-e29a-5ea7-8afe-4376f9ff53a5,INSTITUTION_COURSE,CSCI101,UMPI,BSCY,2025-2026,INFO,VERIFIED,https://www.umpi.edu/yourpace/faqs/,2026-09-01,seed-research-2026-09,VERIFIED
133a4560-f670-5e0b-8550-7bd6a4da6872,INSTITUTION_COURSE,IT101,UMPI,BSCY,2025-2026,IT101,VERIFIED,https://www.umpi.edu/yourpace/faqs/,2026-09-01,seed-research-2026-09,VERIFIED
1173f55f-7a8a-5b11-9ad7-181ff34c1666,INSTITUTION_COURSE,NET101,UMPI,BSCY,2025-2026,NET,VERIFIED,https://www.umpi.edu/yourpace/faqs/,2026-09-01,seed-research-2026-09,VERIFIED
84db696a-84f9-56cc-8e0d-ab877d7fbcb1,INSTITUTION_COURSE,SEC101,UMPI,BSCY,2025-2026,SEC1,VERIFIED,https://www.umpi.edu/yourpace/faqs/,2026-09-01,seed-research-2026-09,VERIFIED
058193f2-6122-5a95-a721-5c54cb9baf23,PROVIDER_COURSE,SOPH-ENG1001,WGU,BSBA,2026-03,ENG1,VERIFIED,https://partners.wgu.edu/,2026-09-01,seed-research-2026-09,VERIFIED
d9d6c02f-1035-5ce5-843d-bb5f5ad97014,PROVIDER_COURSE,SOPH-ENG1002,WGU,BSBA,2026-03,ENG2,VERIFIED,https://partners.wgu.edu/,2026-09-01,seed-research-2026-09,VERIFIED
2f00054f-cad6-5154-b8f6-f1ef778801c4,PROVIDER_COURSE,SOPH-COMM1001,WGU,BSBA,2026-03,COMM,VERIFIED,https://partners.wgu.edu/,2026-09-01,seed-research-2026-09,VERIFIED
b6cad4c5-c24d-5b4d-a6d7-89d6e8308191,PROVIDER_COURSE,SOPH-MATH1001,WGU,BSBA,2026-03,QR,VERIFIED,https://partners.wgu.edu/,2026-09-01,seed-research-2026-09,VERIFIED
64681dda-8840-5bec-9e57-db06e6ca065c,PROVIDER_COURSE,SOPH-STAT1001,WGU,BSBA,2026-03,STAT,VERIFIED,https://partners.wgu.edu/,2026-09-01,seed-research-2026-09,VERIFIED
accee457-5038-5646-9a4e-c35ae1205fca,PROVIDER_COURSE,SOPH-ENVS1001,WGU,BSBA,2026-03,NS2,VERIFIED,https://partners.wgu.edu/,2026-09-01,seed-research-2026-09,VERIFIED
e9db527b-bddd-5b23-bf35-da7336eff44f,PROVIDER_COURSE,SOPH-BIO1001,WGU,BSBA,2026-03,NS2,VERIFIED,https://partners.wgu.edu/,2026-09-01,seed-research-2026-09,VERIFIED
3bcb47eb-9ab3-5a10-9cb0-88c6ad94fe25,PROVIDER_COURSE,SOPH-ART1001,WGU,BSBA,2026-03,HUM1,VERIFIED,https://partners.wgu.edu/,2026-09-01,seed-research-2026-09,VERIFIED
7d970d3f-555a-5576-b713-dabb089b4fa3,PROVIDER_COURSE,SOPH-PHIL1001,WGU,BSBA,2026-03,HUM2,VERIFIED,https://partners.wgu.edu/,2026-09-01,seed-research-2026-09,VERIFIED
f681c2f2-021e-5166-badc-f18d3eac787c,PROVIDER_COURSE,SOPH-PHIL1002,WGU,BSBA,2026-03,ETHICS,VERIFIED,https://partners.wgu.edu/,2026-09-01,seed-research-2026-09,VERIFIED
59af187a-b904-5b15-8841-edffc7ffeb41,PROVIDER_COURSE,SOPH-HIST1001,WGU,BSBA,2026-03,HIST,VERIFIED,https://partners.wgu.edu/,2026-09-01,seed-research-2026-09,VERIFIED
4afa0bb4-771c-5dc4-8d32-9b27b0a4ac86,PROVIDER_COURSE,SOPH-PSYC1001,WGU,BSBA,2026-03,SS1,VERIFIED,https://partners.wgu.edu/,2026-09-01,seed-research-2026-09,VERIFIED
90935957-8ae0-55b1-a911-e24e66b5de73,PROVIDER_COURSE,SOPH-SOCI1001,WGU,BSBA,2026-03,SS2,VERIFIED,https://partners.wgu.edu/,2026-09-01,seed-research-2026-09,VERIFIED
32eca60b-be61-53df-a07e-2af45d6d1894,PROVIDER_COURSE,SOPH-CS1001,WGU,BSBA,2026-03,INFO,VERIFIED,https://partners.wgu.edu/,2026-09-01,seed-research-2026-09,VERIFIED
a70dcdbf-c559-5fb8-9f22-337aac3abc9e,PROVIDER_COURSE,SOPH-BUS1001,WGU,BSBA,2026-03,BUS101,VERIFIED,https://partners.wgu.edu/,2026-09-01,seed-research-2026-09,VERIFIED
2049e36e-4154-5d56-be4d-80965776ba13,PROVIDER_COURSE,SOPH-ACCT1001,WGU,BSBA,2026-03,ACCT1,VERIFIED,https://partners.wgu.edu/,2026-09-01,seed-research-2026-09,VERIFIED
4726155f-09af-5f18-abac-85455f9e0e15,PROVIDER_COURSE,SOPH-ECON1001,WGU,BSBA,2026-03,MICRO,VERIFIED,https://partners.wgu.edu/,2026-09-01,seed-research-2026-09,VERIFIED
f085da45-b0b8-5b1f-a9fc-8e36f01c40ff,PROVIDER_COURSE,SOPH-ECON1002,WGU,BSBA,2026-03,MACRO,VERIFIED,https://partners.wgu.edu/,2026-09-01,seed-research-2026-09,VERIFIED
b706915c-3b9d-5194-a220-9c64ef23784b,PROVIDER_COURSE,SOPH-MGT1001,WGU,BSBA,2026-03,MGT,VERIFIED,https://partners.wgu.edu/,2026-09-01,seed-research-2026-09,VERIFIED
7e101d9a-3904-5320-b91e-4141a2ec8bd5,PROVIDER_COURSE,SOPH-MKT1001,WGU,BSBA,2026-03,MKT,VERIFIED,https://partners.wgu.edu/,2026-09-01,seed-research-2026-09,VERIFIED
947d17ce-ef6e-573c-b072-5481dc93bd3e,PROVIDER_COURSE,SOPH-BUS1002,WGU,BSBA,2026-03,BLAW,VERIFIED,https://partners.wgu.edu/,2026-09-01,seed-research-2026-09,VERIFIED
e98f9174-cc2e-5ed6-97e8-ca7db480d300,PROVIDER_COURSE,SOPH-CS1002,WGU,BSBA,2026-03,IS,VERIFIED,https://partners.wgu.edu/,2026-09-01,seed-research-2026-09,VERIFIED
94455731-a945-5cc9-a39e-248a8831d1f2,PROVIDER_COURSE,SDC-ENG104,WGU,BSBA,2026-03,ENG1,VERIFIED,https://partners.wgu.edu/,2026-09-01,seed-research-2026-09,VERIFIED
6f9864d2-9de0-5c22-ad59-5eca1f9f8576,PROVIDER_COURSE,SDC-ENG105,WGU,BSBA,2026-03,ENG2,VERIFIED,https://partners.wgu.edu/,2026-09-01,seed-research-2026-09,VERIFIED
3d4b6e9a-02ab-5abe-af66-838c996e04af,PROVIDER_COURSE,SDC-MATH101,WGU,BSBA,2026-03,QR,VERIFIED,https://partners.wgu.edu/,2026-09-01,seed-research-2026-09,VERIFIED
5de62728-385d-5ccd-ba08-1fd3b0352d96,PROVIDER_COURSE,SDC-STAT101,WGU,BSBA,2026-03,STAT,VERIFIED,https://partners.wgu.edu/,2026-09-01,seed-research-2026-09,VERIFIED
a6dbaea7-6e10-58e1-8409-8e974a652aa8,PROVIDER_COURSE,SDC-BUS101,WGU,BSBA,2026-03,MGT,VERIFIED,https://partners.wgu.edu/,2026-09-01,seed-research-2026-09,VERIFIED
6f3a4693-d62a-53e1-87a3-665238269c41,PROVIDER_COURSE,SDC-BUS103,WGU,BSBA,2026-03,BLAW,VERIFIED,https://partners.wgu.edu/,2026-09-01,seed-research-2026-09,VERIFIED
4e132224-ebf5-5b31-8e92-3dcc56f71812,PROVIDER_COURSE,SDC-ACCT101,WGU,BSBA,2026-03,ACCT1,VERIFIED,https://partners.wgu.edu/,2026-09-01,seed-research-2026-09,VERIFIED
14b1a225-6008-5223-9ae9-adb2d41433e4,PROVIDER_COURSE,SDC-ACCT102,WGU,BSBA,2026-03,ACCT2,VERIFIED,https://partners.wgu.edu/,2026-09-01,seed-research-2026-09,VERIFIED
4c21bed3-e9a2-5862-a770-8d6455529994,PROVIDER_COURSE,SDC-FIN101,WGU,BSBA,2026-03,FIN,VERIFIED,https://partners.wgu.edu/,2026-09-01,seed-research-2026-09,VERIFIED
68b9d02f-71b7-5853-afa1-9e7eeb1b5fdc,PROVIDER_COURSE,SDC-HR101,WGU,BSBA,2026-03,HR,VERIFIED,https://partners.wgu.edu/,2026-09-01,seed-research-2026-09,VERIFIED
89b20d93-4727-57d2-8d44-a924cd8a4791,PROVIDER_COURSE,SDC-CS103,WGU,BSBA,2026-03,INFO,VERIFIED,https://partners.wgu.edu/,2026-09-01,seed-research-2026-09,VERIFIED
2f82c444-bebc-58e3-acc9-9fad852871d1,PROVIDER_COURSE,SL-ENG101,WGU,BSBA,2026-03,ENG1,VERIFIED,https://partners.wgu.edu/,2026-09-01,seed-research-2026-09,VERIFIED
2f597e0e-3059-5d44-ad6e-f2767cce574c,PROVIDER_COURSE,SL-ENG102,WGU,BSBA,2026-03,ENG2,VERIFIED,https://partners.wgu.edu/,2026-09-01,seed-research-2026-09,VERIFIED
9a011ed6-de8b-555e-8b1c-e69bec36d7a6,PROVIDER_COURSE,SL-MAT101,WGU,BSBA,2026-03,QR,VERIFIED,https://partners.wgu.edu/,2026-09-01,seed-research-2026-09,VERIFIED
7262c913-fbe8-503b-83fc-944f51b10fde,PROVIDER_COURSE,SL-MAT201,WGU,BSBA,2026-03,STAT,VERIFIED,https://partners.wgu.edu/,2026-09-01,seed-research-2026-09,VERIFIED
a2447c20-a268-5701-adf6-357dfd5ceb07,PROVIDER_COURSE,SL-BIO101,WGU,BSBA,2026-03,NS2,VERIFIED,https://partners.wgu.edu/,2026-09-01,seed-research-2026-09,VERIFIED
04618b6b-6169-524a-ae86-08223933d23a,PROVIDER_COURSE,SL-CHEM101,WGU,BSBA,2026-03,NS1,VERIFIED,https://partners.wgu.edu/,2026-09-01,seed-research-2026-09,VERIFIED
7bd91882-01fe-5b43-9fec-19cbca0ece31,PROVIDER_COURSE,SL-PSY101,WGU,BSBA,2026-03,SS1,VERIFIED,https://partners.wgu.edu/,2026-09-01,seed-research-2026-09,VERIFIED
7916d675-b1f2-588d-a0b5-bd19b2ee1590,PROVIDER_COURSE,SL-SOC101,WGU,BSBA,2026-03,SS2,VERIFIED,https://partners.wgu.edu/,2026-09-01,seed-research-2026-09,VERIFIED
2c335273-d6cd-5b3b-9398-6c98ef12aba7,PROVIDER_COURSE,SL-ACC101,WGU,BSBA,2026-03,ACCT1,VERIFIED,https://partners.wgu.edu/,2026-09-01,seed-research-2026-09,VERIFIED
d7f580d4-31a0-57f4-85b9-b1f22b26715b,PROVIDER_COURSE,SL-ACC102,WGU,BSBA,2026-03,ACCT2,VERIFIED,https://partners.wgu.edu/,2026-09-01,seed-research-2026-09,VERIFIED
24d77039-53d5-52a3-95a7-dd5f866432b0,PROVIDER_COURSE,SL-BUS105,WGU,BSBA,2026-03,COMM,VERIFIED,https://partners.wgu.edu/,2026-09-01,seed-research-2026-09,VERIFIED
97032e2a-4edf-535e-a21e-467e850aefb9,PROVIDER_COURSE,SL-BUS110,WGU,BSBA,2026-03,BUS101,VERIFIED,https://partners.wgu.edu/,2026-09-01,seed-research-2026-09,VERIFIED
1ba35780-a2f3-519b-9fdb-5c8e5d2c4b77,PROVIDER_COURSE,SL-CIV101,WGU,BSBA,2026-03,HIST,VERIFIED,https://partners.wgu.edu/,2026-09-01,seed-research-2026-09,VERIFIED
8e3d7c29-ea9e-5559-9e23-dfcae2368614,PROVIDER_COURSE,SL-CIV101,WGU,BSBA,2026-03,HUM1,VERIFIED,https://partners.wgu.edu/,2026-09-01,seed-research-2026-09,VERIFIED
1ea39bdb-ec67-5b83-a107-0b6faeb1946c,EXAM,CLEP-COMP1,WGU,BSBA,2026-03,ENG1,VERIFIED,https://partners.wgu.edu/,2026-09-01,seed-research-2026-09,VERIFIED
aeec530c-252b-5e59-8e14-cea3a10fe283,EXAM,CLEP-COMP1,WGU,BSBA,2026-03,ENG2,VERIFIED,https://partners.wgu.edu/,2026-09-01,seed-research-2026-09,VERIFIED
6eb6e829-e71a-5d6f-a1d3-8a6ed8f006db,EXAM,CLEP-CALG,WGU,BSBA,2026-03,QR,VERIFIED,https://partners.wgu.edu/,2026-09-01,seed-research-2026-09,VERIFIED
9fb1a14c-9e31-5370-91d5-d85cf67c92b4,EXAM,CLEP-CALC,WGU,BSBA,2026-03,QR,VERIFIED,https://partners.wgu.edu/,2026-09-01,seed-research-2026-09,VERIFIED
81724c69-5673-5135-ad0f-8b84582dcbe0,EXAM,CLEP-COLMATH,WGU,BSBA,2026-03,QR,VERIFIED,https://partners.wgu.edu/,2026-09-01,seed-research-2026-09,VERIFIED
0821422c-f31f-5ec3-b7eb-c008b5fb9844,EXAM,CLEP-USH1,WGU,BSBA,2026-03,HIST,VERIFIED,https://partners.wgu.edu/,2026-09-01,seed-research-2026-09,VERIFIED
39996ed7-8cba-5143-9838-ec4600d8ab0c,EXAM,CLEP-USH2,WGU,BSBA,2026-03,HIST,VERIFIED,https://partners.wgu.edu/,2026-09-01,seed-research-2026-09,VERIFIED
41a3fa14-eed5-5f29-bb6a-b2bed89e3bb4,EXAM,CLEP-PSY,WGU,BSBA,2026-03,SS1,VERIFIED,https://partners.wgu.edu/,2026-09-01,seed-research-2026-09,VERIFIED
da8fa9a6-9d67-5305-9b38-1b52efe51a3e,EXAM,CLEP-SOC,WGU,BSBA,2026-03,SS2,VERIFIED,https://partners.wgu.edu/,2026-09-01,seed-research-2026-09,VERIFIED
a723b507-39d1-5c20-abd0-486b9999f458,EXAM,CLEP-MGT,WGU,BSBA,2026-03,MGT,VERIFIED,https://partners.wgu.edu/,2026-09-01,seed-research-2026-09,VERIFIED
0d021e01-fc40-5141-9b3d-89aa2ad04eaa,EXAM,CLEP-MKT,WGU,BSBA,2026-03,MKT,VERIFIED,https://partners.wgu.edu/,2026-09-01,seed-research-2026-09,VERIFIED
5156707d-35cc-5620-93a1-adf05d351d21,EXAM,CLEP-MACRO,WGU,BSBA,2026-03,MACRO,VERIFIED,https://partners.wgu.edu/,2026-09-01,seed-research-2026-09,VERIFIED
22d1b427-951c-5c4f-aca9-b1d80c7c8500,EXAM,CLEP-MICRO,WGU,BSBA,2026-03,MICRO,VERIFIED,https://partners.wgu.edu/,2026-09-01,seed-research-2026-09,VERIFIED
3b1e2296-a1b3-5d00-a085-d3d6d3e63411,EXAM,CLEP-IT,WGU,BSBA,2026-03,INFO,VERIFIED,https://partners.wgu.edu/,2026-09-01,seed-research-2026-09,VERIFIED
b13937fd-14cc-5b73-bf72-f1d2cd14d00b,EXAM,CLEP-IT,WGU,BSBA,2026-03,IS,VERIFIED,https://partners.wgu.edu/,2026-09-01,seed-research-2026-09,VERIFIED
cbe496ac-902c-50eb-8825-162cec7a2717,EXAM,CLEP-BIO,WGU,BSBA,2026-03,NS1,VERIFIED,https://partners.wgu.edu/,2026-09-01,seed-research-2026-09,VERIFIED
50e4f633-9b8c-5d2c-8fa8-60f27a8c39ae,EXAM,CLEP-BIO,WGU,BSBA,2026-03,NS2,VERIFIED,https://partners.wgu.edu/,2026-09-01,seed-research-2026-09,VERIFIED
cb951062-d7f5-52fc-84ac-da474985a451,EXAM,CLEP-ANA,WGU,BSBA,2026-03,HUM1,VERIFIED,https://partners.wgu.edu/,2026-09-01,seed-research-2026-09,VERIFIED
0e59b0af-039d-54b2-a559-520b94c3e467,EXAM,CLEP-ANA,WGU,BSBA,2026-03,HUM2,VERIFIED,https://partners.wgu.edu/,2026-09-01,seed-research-2026-09,VERIFIED
295d9b07-99f5-54df-87b2-44827b59d066,INSTITUTION_COURSE,ENGL101,WGU,BSBA,2026-03,ENG1,VERIFIED,https://partners.wgu.edu/,2026-09-01,seed-research-2026-09,VERIFIED
b7818b9f-aff7-521c-aba2-25090dcc7631,INSTITUTION_COURSE,ENGL102,WGU,BSBA,2026-03,ENG2,VERIFIED,https://partners.wgu.edu/,2026-09-01,seed-research-2026-09,VERIFIED
819fb484-53e8-5571-b2f7-6791652ab483,INSTITUTION_COURSE,MATH110,WGU,BSBA,2026-03,QR,VERIFIED,https://partners.wgu.edu/,2026-09-01,seed-research-2026-09,VERIFIED
27af9544-2056-5439-be62-3ee0d20552f0,INSTITUTION_COURSE,MATH210,WGU,BSBA,2026-03,STAT,VERIFIED,https://partners.wgu.edu/,2026-09-01,seed-research-2026-09,VERIFIED
504ebc6e-b758-504d-b89e-c2f6a9162c1c,INSTITUTION_COURSE,BIOL101,WGU,BSBA,2026-03,NS2,VERIFIED,https://partners.wgu.edu/,2026-09-01,seed-research-2026-09,VERIFIED
b703c581-ce90-5ee6-96a0-3a6e8d9653af,INSTITUTION_COURSE,CHEM101,WGU,BSBA,2026-03,NS1,VERIFIED,https://partners.wgu.edu/,2026-09-01,seed-research-2026-09,VERIFIED
22660ddb-8366-5eb7-b205-93dbb576710b,INSTITUTION_COURSE,HIST101,WGU,BSBA,2026-03,HIST,VERIFIED,https://partners.wgu.edu/,2026-09-01,seed-research-2026-09,VERIFIED
0ba1d64c-1375-56a0-aedf-f8e39d497609,INSTITUTION_COURSE,PSYC101,WGU,BSBA,2026-03,SS1,VERIFIED,https://partners.wgu.edu/,2026-09-01,seed-research-2026-09,VERIFIED
0f25b7a5-869f-5b3f-9b96-8ea7899ce4f2,INSTITUTION_COURSE,SOCI101,WGU,BSBA,2026-03,SS2,VERIFIED,https://partners.wgu.edu/,2026-09-01,seed-research-2026-09,VERIFIED
9e7d2044-73c5-58b8-b350-0a45b086bcc0,INSTITUTION_COURSE,SPCH101,WGU,BSBA,2026-03,COMM,VERIFIED,https://partners.wgu.edu/,2026-09-01,seed-research-2026-09,VERIFIED
6fd362f9-ae9c-5d08-9a62-06a44b0cf4e2,INSTITUTION_COURSE,CSCI101,WGU,BSBA,2026-03,INFO,VERIFIED,https://partners.wgu.edu/,2026-09-01,seed-research-2026-09,VERIFIED
03f06c7f-b83d-58bc-b66f-89a627ad8236,INSTITUTION_COURSE,BUS101,WGU,BSBA,2026-03,BUS101,VERIFIED,https://partners.wgu.edu/,2026-09-01,seed-research-2026-09,VERIFIED
873619b8-8bde-56dc-a8e9-1053592cc5bc,INSTITUTION_COURSE,ACCT201,WGU,BSBA,2026-03,ACCT1,VERIFIED,https://partners.wgu.edu/,2026-09-01,seed-research-2026-09,VERIFIED
9cd4a713-6666-5adc-9cdd-2a2479230047,INSTITUTION_COURSE,ACCT202,WGU,BSBA,2026-03,ACCT2,VERIFIED,https://partners.wgu.edu/,2026-09-01,seed-research-2026-09,VERIFIED
fecde2a7-99f6-5cbc-a2e8-99ed829d8246,INSTITUTION_COURSE,ECON201,WGU,BSBA,2026-03,MICRO,VERIFIED,https://partners.wgu.edu/,2026-09-01,seed-research-2026-09,VERIFIED
7ad876c5-1ee5-532c-881b-5004f5b6bf3d,INSTITUTION_COURSE,ECON202,WGU,BSBA,2026-03,MACRO,VERIFIED,https://partners.wgu.edu/,2026-09-01,seed-research-2026-09,VERIFIED
e530ac62-ab40-5a95-8a86-b8861ad33cd5,INSTITUTION_COURSE,MGMT201,WGU,BSBA,2026-03,MGT,VERIFIED,https://partners.wgu.edu/,2026-09-01,seed-research-2026-09,VERIFIED
922c65f4-5967-55af-ae52-394f534c0077,INSTITUTION_COURSE,MKTG201,WGU,BSBA,2026-03,MKT,VERIFIED,https://partners.wgu.edu/,2026-09-01,seed-research-2026-09,VERIFIED
0e4349d7-82d9-5dc8-9757-e2b65b5d5ea0,PROVIDER_COURSE,SOPH-ENG1001,WGU,BSCIA,2026-03,ENG1,VERIFIED,https://partners.wgu.edu/,2026-09-01,seed-research-2026-09,VERIFIED
8fbc03ef-2968-580f-b1ff-d32a890f2193,PROVIDER_COURSE,SOPH-ENG1002,WGU,BSCIA,2026-03,ENG2,VERIFIED,https://partners.wgu.edu/,2026-09-01,seed-research-2026-09,VERIFIED
fd1d1daf-2337-5bd9-a04d-fb02a11b66b8,PROVIDER_COURSE,SOPH-COMM1001,WGU,BSCIA,2026-03,COMM,VERIFIED,https://partners.wgu.edu/,2026-09-01,seed-research-2026-09,VERIFIED
73f40720-c15d-5a7b-bb7c-a4c31fc93f1b,PROVIDER_COURSE,SOPH-MATH1001,WGU,BSCIA,2026-03,QR,VERIFIED,https://partners.wgu.edu/,2026-09-01,seed-research-2026-09,VERIFIED
2303fadc-1722-5053-9990-203d80bfc87f,PROVIDER_COURSE,SOPH-STAT1001,WGU,BSCIA,2026-03,STAT,VERIFIED,https://partners.wgu.edu/,2026-09-01,seed-research-2026-09,VERIFIED
2c6a23e9-362b-5acf-83d9-be1ca78da87a,PROVIDER_COURSE,SOPH-ENVS1001,WGU,BSCIA,2026-03,NS2,VERIFIED,https://partners.wgu.edu/,2026-09-01,seed-research-2026-09,VERIFIED
261cd621-c284-58b3-994f-5ad51b8f03ba,PROVIDER_COURSE,SOPH-BIO1001,WGU,BSCIA,2026-03,NS2,VERIFIED,https://partners.wgu.edu/,2026-09-01,seed-research-2026-09,VERIFIED
30538a6b-8d13-578c-8428-a474296f6a21,PROVIDER_COURSE,SOPH-ART1001,WGU,BSCIA,2026-03,HUM1,VERIFIED,https://partners.wgu.edu/,2026-09-01,seed-research-2026-09,VERIFIED
85fd4b9d-9ac0-59de-bb4f-e58f632d9c23,PROVIDER_COURSE,SOPH-PHIL1001,WGU,BSCIA,2026-03,HUM2,VERIFIED,https://partners.wgu.edu/,2026-09-01,seed-research-2026-09,VERIFIED
6be6778e-8d58-5bba-ace1-985786b95a73,PROVIDER_COURSE,SOPH-PHIL1002,WGU,BSCIA,2026-03,ETHICS,VERIFIED,https://partners.wgu.edu/,2026-09-01,seed-research-2026-09,VERIFIED
b6e523d6-50db-580e-83d2-7a156ddb3be3,PROVIDER_COURSE,SOPH-HIST1001,WGU,BSCIA,2026-03,HIST,VERIFIED,https://partners.wgu.edu/,2026-09-01,seed-research-2026-09,VERIFIED
3df45fcf-04b4-5d03-9a25-2207e3a754a2,PROVIDER_COURSE,SOPH-PSYC1001,WGU,BSCIA,2026-03,SS1,VERIFIED,https://partners.wgu.edu/,2026-09-01,seed-research-2026-09,VERIFIED
260722e2-f9a2-5b02-b240-183256393b3f,PROVIDER_COURSE,SOPH-SOCI1001,WGU,BSCIA,2026-03,SS2,VERIFIED,https://partners.wgu.edu/,2026-09-01,seed-research-2026-09,VERIFIED
f0156259-bd0b-51d5-a45f-3d31da4b6253,PROVIDER_COURSE,SOPH-CS1001,WGU,BSCIA,2026-03,INFO,VERIFIED,https://partners.wgu.edu/,2026-09-01,seed-research-2026-09,VERIFIED
f3bb7f99-84ba-594c-b988-23000705e031,PROVIDER_COURSE,SOPH-CS1001,WGU,BSCIA,2026-03,IT101,VERIFIED,https://partners.wgu.edu/,2026-09-01,seed-research-2026-09,VERIFIED
0b3c750a-f59f-5256-bd26-2400312cfa9f,PROVIDER_COURSE,SOPH-CS1002,WGU,BSCIA,2026-03,DB,VERIFIED,https://partners.wgu.edu/,2026-09-01,seed-research-2026-09,VERIFIED
1fd6e83c-1ddd-50b1-8f77-bd8806b7d1f6,PROVIDER_COURSE,SOPH-CS1003,WGU,BSCIA,2026-03,PROG,VERIFIED,https://partners.wgu.edu/,2026-09-01,seed-research-2026-09,VERIFIED
0d472d77-da7b-5e3a-b441-1b58898a4683,PROVIDER_COURSE,SOPH-CS1004,WGU,BSCIA,2026-03,WEB,VERIFIED,https://partners.wgu.edu/,2026-09-01,seed-research-2026-09,VERIFIED
8fbad4a0-cbb1-55dd-9ed3-a7dff3411842,PROVIDER_COURSE,SOPH-CS1005,WGU,BSCIA,2026-03,NET,VERIFIED,https://partners.wgu.edu/,2026-09-01,seed-research-2026-09,VERIFIED
5bb23c5c-6741-515a-9e2d-bb67012556cf,PROVIDER_COURSE,SDC-ENG104,WGU,BSCIA,2026-03,ENG1,VERIFIED,https://partners.wgu.edu/,2026-09-01,seed-research-2026-09,VERIFIED
beff6a6e-2fd0-5af9-8b90-23bfa0d518a1,PROVIDER_COURSE,SDC-ENG105,WGU,BSCIA,2026-03,ENG2,VERIFIED,https://partners.wgu.edu/,2026-09-01,seed-research-2026-09,VERIFIED
d8bb101d-a8a0-52c0-9cd1-bc3989c78604,PROVIDER_COURSE,SDC-MATH101,WGU,BSCIA,2026-03,QR,VERIFIED,https://partners.wgu.edu/,2026-09-01,seed-research-2026-09,VERIFIED
1287207c-7090-5015-aa17-afbf46dc59ed,PROVIDER_COURSE,SDC-STAT101,WGU,BSCIA,2026-03,STAT,VERIFIED,https://partners.wgu.edu/,2026-09-01,seed-research-2026-09,VERIFIED
f78b31bb-5ccd-50b9-b522-396b4b574dd0,PROVIDER_COURSE,SDC-CS103,WGU,BSCIA,2026-03,INFO,VERIFIED,https://partners.wgu.edu/,2026-09-01,seed-research-2026-09,VERIFIED
6681fc42-ec0d-5e71-8926-036c86385565,PROVIDER_COURSE,SDC-CS105,WGU,BSCIA,2026-03,OS,VERIFIED,https://partners.wgu.edu/,2026-09-01,seed-research-2026-09,VERIFIED
16aa2090-c33e-5163-8549-30101e45b9fb,PROVIDER_COURSE,SDC-CS202,WGU,BSCIA,2026-03,NET,VERIFIED,https://partners.wgu.edu/,2026-09-01,seed-research-2026-09,VERIFIED
e47ef296-e89b-5ae7-a667-f631a0b28942,PROVIDER_COURSE,SDC-CS202,WGU,BSCIA,2026-03,SEC1,VERIFIED,https://partners.wgu.edu/,2026-09-01,seed-research-2026-09,VERIFIED
c31f0647-891b-5254-9db5-d8d0335973ed,PROVIDER_COURSE,SDC-CS303,WGU,BSCIA,2026-03,DB,VERIFIED,https://partners.wgu.edu/,2026-09-01,seed-research-2026-09,VERIFIED
46d9336c-c7a9-5c4e-aa2e-a116b2e8bc21,PROVIDER_COURSE,SDC-CYB101,WGU,BSCIA,2026-03,SEC1,VERIFIED,https://partners.wgu.edu/,2026-09-01,seed-research-2026-09,VERIFIED
5d58861d-57eb-5994-82fd-e3e9bdb29b0b,PROVIDER_COURSE,SL-ENG101,WGU,BSCIA,2026-03,ENG1,VERIFIED,https://partners.wgu.edu/,2026-09-01,seed-research-2026-09,VERIFIED
06c19f51-54e5-5c05-bbc8-cc4d20ff7df5,PROVIDER_COURSE,SL-ENG102,WGU,BSCIA,2026-03,ENG2,VERIFIED,https://partners.wgu.edu/,2026-09-01,seed-research-2026-09,VERIFIED
3725379a-18a2-5303-a965-eb45bc702e60,PROVIDER_COURSE,SL-MAT101,WGU,BSCIA,2026-03,QR,VERIFIED,https://partners.wgu.edu/,2026-09-01,seed-research-2026-09,VERIFIED
4ec43baf-db13-5816-a74b-534c5c6da651,PROVIDER_COURSE,SL-MAT201,WGU,BSCIA,2026-03,STAT,VERIFIED,https://partners.wgu.edu/,2026-09-01,seed-research-2026-09,VERIFIED
4908d8bc-fba9-5a34-b89f-fe3697bf28f4,PROVIDER_COURSE,SL-BIO101,WGU,BSCIA,2026-03,NS2,VERIFIED,https://partners.wgu.edu/,2026-09-01,seed-research-2026-09,VERIFIED
24cb739b-7201-522f-a30c-2dafbee87673,PROVIDER_COURSE,SL-CHEM101,WGU,BSCIA,2026-03,NS1,VERIFIED,https://partners.wgu.edu/,2026-09-01,seed-research-2026-09,VERIFIED
02711ffc-d17b-5dbc-88b0-a58f96590ae4,PROVIDER_COURSE,SL-PSY101,WGU,BSCIA,2026-03,SS1,VERIFIED,https://partners.wgu.edu/,2026-09-01,seed-research-2026-09,VERIFIED
9d34d7cb-d316-500d-b0f8-582cc67dedd0,PROVIDER_COURSE,SL-SOC101,WGU,BSCIA,2026-03,SS2,VERIFIED,https://partners.wgu.edu/,2026-09-01,seed-research-2026-09,VERIFIED
705123ad-83d8-5784-8df5-2de9944c2f9e,PROVIDER_COURSE,SL-BUS105,WGU,BSCIA,2026-03,COMM,VERIFIED,https://partners.wgu.edu/,2026-09-01,seed-research-2026-09,VERIFIED
31877e09-56ff-5ddc-864a-59c31f2f5a33,PROVIDER_COURSE,SL-CIV101,WGU,BSCIA,2026-03,HIST,VERIFIED,https://partners.wgu.edu/,2026-09-01,seed-research-2026-09,VERIFIED
18ea1a4f-ab84-5e60-b056-7006d20472b7,PROVIDER_COURSE,SL-CIV101,WGU,BSCIA,2026-03,HUM1,VERIFIED,https://partners.wgu.edu/,2026-09-01,seed-research-2026-09,VERIFIED
72a34ee2-2450-5521-93d1-6102465b8681,PROVIDER_COURSE,SL-IT101,WGU,BSCIA,2026-03,PROG,VERIFIED,https://partners.wgu.edu/,2026-09-01,seed-research-2026-09,VERIFIED
3ce79ab0-74bb-51fb-9ba0-53f68ec82ee1,EXAM,CLEP-COMP1,WGU,BSCIA,2026-03,ENG1,VERIFIED,https://partners.wgu.edu/,2026-09-01,seed-research-2026-09,VERIFIED
397c9a78-22b2-532b-9f1b-581ee10adc51,EXAM,CLEP-COMP1,WGU,BSCIA,2026-03,ENG2,VERIFIED,https://partners.wgu.edu/,2026-09-01,seed-research-2026-09,VERIFIED
b7256550-d7d6-517e-a468-3a0214676e38,EXAM,CLEP-CALG,WGU,BSCIA,2026-03,QR,VERIFIED,https://partners.wgu.edu/,2026-09-01,seed-research-2026-09,VERIFIED
4f65f46d-e483-5f4a-9cdf-a7dadeab9167,EXAM,CLEP-CALC,WGU,BSCIA,2026-03,QR,VERIFIED,https://partners.wgu.edu/,2026-09-01,seed-research-2026-09,VERIFIED
75b3982f-dca5-5533-bca0-aa5f846dc942,EXAM,CLEP-COLMATH,WGU,BSCIA,2026-03,QR,VERIFIED,https://partners.wgu.edu/,2026-09-01,seed-research-2026-09,VERIFIED
361d44d6-fecd-5cbb-82b4-f200e323ebf2,EXAM,CLEP-USH1,WGU,BSCIA,2026-03,HIST,VERIFIED,https://partners.wgu.edu/,2026-09-01,seed-research-2026-09,VERIFIED
a8904e57-215b-50c1-b33f-44ba83e91e9b,EXAM,CLEP-USH2,WGU,BSCIA,2026-03,HIST,VERIFIED,https://partners.wgu.edu/,2026-09-01,seed-research-2026-09,VERIFIED
7ba68d8b-0d73-5141-8c27-65ecf69796d8,EXAM,CLEP-PSY,WGU,BSCIA,2026-03,SS1,VERIFIED,https://partners.wgu.edu/,2026-09-01,seed-research-2026-09,VERIFIED
5e711002-efb8-54d1-947c-3eae58f48d85,EXAM,CLEP-SOC,WGU,BSCIA,2026-03,SS2,VERIFIED,https://partners.wgu.edu/,2026-09-01,seed-research-2026-09,VERIFIED
e5d41f36-a71a-56fd-83b8-8d6085253aa3,EXAM,CLEP-IT,WGU,BSCIA,2026-03,INFO,VERIFIED,https://partners.wgu.edu/,2026-09-01,seed-research-2026-09,VERIFIED
c90d33de-6f70-5a88-a41c-f46244f80e1a,EXAM,CLEP-BIO,WGU,BSCIA,2026-03,NS1,VERIFIED,https://partners.wgu.edu/,2026-09-01,seed-research-2026-09,VERIFIED
7f838434-6a56-584a-b8a3-efbb71e94b36,EXAM,CLEP-BIO,WGU,BSCIA,2026-03,NS2,VERIFIED,https://partners.wgu.edu/,2026-09-01,seed-research-2026-09,VERIFIED
3f300d82-04ae-5913-b740-30affc8f7116,EXAM,CLEP-ANA,WGU,BSCIA,2026-03,HUM1,VERIFIED,https://partners.wgu.edu/,2026-09-01,seed-research-2026-09,VERIFIED
3c555357-f00b-5918-8bfa-728e0b0c59e6,EXAM,CLEP-ANA,WGU,BSCIA,2026-03,HUM2,VERIFIED,https://partners.wgu.edu/,2026-09-01,seed-research-2026-09,VERIFIED
dc66423c-586c-5d25-bdb2-3e971a481ebb,INSTITUTION_COURSE,ENGL101,WGU,BSCIA,2026-03,ENG1,VERIFIED,https://partners.wgu.edu/,2026-09-01,seed-research-2026-09,VERIFIED
163a2166-0c62-5ac5-bca9-95be3d30ae2d,INSTITUTION_COURSE,ENGL102,WGU,BSCIA,2026-03,ENG2,VERIFIED,https://partners.wgu.edu/,2026-09-01,seed-research-2026-09,VERIFIED
07abbf27-ce31-506b-9ab3-b718afd53746,INSTITUTION_COURSE,MATH110,WGU,BSCIA,2026-03,QR,VERIFIED,https://partners.wgu.edu/,2026-09-01,seed-research-2026-09,VERIFIED
12b88bc7-6f9f-5a21-acd2-c1636899c16f,INSTITUTION_COURSE,MATH210,WGU,BSCIA,2026-03,STAT,VERIFIED,https://partners.wgu.edu/,2026-09-01,seed-research-2026-09,VERIFIED
262a8d13-cee1-51bb-a6e2-56572fdccfa2,INSTITUTION_COURSE,BIOL101,WGU,BSCIA,2026-03,NS2,VERIFIED,https://partners.wgu.edu/,2026-09-01,seed-research-2026-09,VERIFIED
53dc5dea-fab8-50df-9ff2-5ebc409a0452,INSTITUTION_COURSE,CHEM101,WGU,BSCIA,2026-03,NS1,VERIFIED,https://partners.wgu.edu/,2026-09-01,seed-research-2026-09,VERIFIED
dda3bf29-6c68-5d85-b3e1-3cf463df6567,INSTITUTION_COURSE,HIST101,WGU,BSCIA,2026-03,HIST,VERIFIED,https://partners.wgu.edu/,2026-09-01,seed-research-2026-09,VERIFIED
b24eb028-3539-56e4-9ee7-0715b1b9465e,INSTITUTION_COURSE,PSYC101,WGU,BSCIA,2026-03,SS1,VERIFIED,https://partners.wgu.edu/,2026-09-01,seed-research-2026-09,VERIFIED
33246f04-98f2-5cb1-8382-3a29254b89bf,INSTITUTION_COURSE,SOCI101,WGU,BSCIA,2026-03,SS2,VERIFIED,https://partners.wgu.edu/,2026-09-01,seed-research-2026-09,VERIFIED
8a7dfe32-afbc-534f-a901-8389545adc4b,INSTITUTION_COURSE,SPCH101,WGU,BSCIA,2026-03,COMM,VERIFIED,https://partners.wgu.edu/,2026-09-01,seed-research-2026-09,VERIFIED
a21a2275-0b98-5627-86dd-1b8a2c0db1de,INSTITUTION_COURSE,CSCI101,WGU,BSCIA,2026-03,INFO,VERIFIED,https://partners.wgu.edu/,2026-09-01,seed-research-2026-09,VERIFIED
b2f0aa61-a67d-5c08-a878-6eed556b8e4e,INSTITUTION_COURSE,IT101,WGU,BSCIA,2026-03,IT101,VERIFIED,https://partners.wgu.edu/,2026-09-01,seed-research-2026-09,VERIFIED
561ffe27-34bc-54b6-8757-254cc5553344,INSTITUTION_COURSE,NET101,WGU,BSCIA,2026-03,NET,VERIFIED,https://partners.wgu.edu/,2026-09-01,seed-research-2026-09,VERIFIED
38dba34a-27fd-5662-aac3-d0eecf3e5a81,INSTITUTION_COURSE,SEC101,WGU,BSCIA,2026-03,SEC1,VERIFIED,https://partners.wgu.edu/,2026-09-01,seed-research-2026-09,VERIFIED
2ea2be70-117a-52c9-b029-6d69bf8ddd0d,PROVIDER_COURSE,SOPH-ENG1001,TESU,BSBA,2025-2026,ENG1,VERIFIED,https://tesu.smartcatalogiq.com/current/undergraduate-catalog/methods-of-learning-and-earning-credit/transfer-credit/,2026-09-01,seed-research-2026-09,VERIFIED
034660e2-70a2-562b-84d7-5cb50edb27fd,PROVIDER_COURSE,SOPH-ENG1002,TESU,BSBA,2025-2026,ENG2,VERIFIED,https://tesu.smartcatalogiq.com/current/undergraduate-catalog/methods-of-learning-and-earning-credit/transfer-credit/,2026-09-01,seed-research-2026-09,VERIFIED
5292d875-4e24-50b6-9a3a-1b3cf3578ca7,PROVIDER_COURSE,SOPH-COMM1001,TESU,BSBA,2025-2026,COMM,VERIFIED,https://tesu.smartcatalogiq.com/current/undergraduate-catalog/methods-of-learning-and-earning-credit/transfer-credit/,2026-09-01,seed-research-2026-09,VERIFIED
9ea37635-ab89-589e-8756-50ba4ed9a2f2,PROVIDER_COURSE,SOPH-MATH1001,TESU,BSBA,2025-2026,QR,VERIFIED,https://tesu.smartcatalogiq.com/current/undergraduate-catalog/methods-of-learning-and-earning-credit/transfer-credit/,2026-09-01,seed-research-2026-09,VERIFIED
2d6c6e41-8aad-5859-b5bd-94d54094aaf5,PROVIDER_COURSE,SOPH-STAT1001,TESU,BSBA,2025-2026,STAT,VERIFIED,https://tesu.smartcatalogiq.com/current/undergraduate-catalog/methods-of-learning-and-earning-credit/transfer-credit/,2026-09-01,seed-research-2026-09,VERIFIED
dd2ce786-02f4-5cfd-b32e-d93ccd1acffe,PROVIDER_COURSE,SOPH-ENVS1001,TESU,BSBA,2025-2026,NS2,VERIFIED,https://tesu.smartcatalogiq.com/current/undergraduate-catalog/methods-of-learning-and-earning-credit/transfer-credit/,2026-09-01,seed-research-2026-09,VERIFIED
75d4c1aa-848a-5242-815b-b6f57fb1e54a,PROVIDER_COURSE,SOPH-BIO1001,TESU,BSBA,2025-2026,NS2,VERIFIED,https://tesu.smartcatalogiq.com/current/undergraduate-catalog/methods-of-learning-and-earning-credit/transfer-credit/,2026-09-01,seed-research-2026-09,VERIFIED
34d91c17-c8b6-51c0-924a-5c04802ed07c,PROVIDER_COURSE,SOPH-ART1001,TESU,BSBA,2025-2026,HUM1,VERIFIED,https://tesu.smartcatalogiq.com/current/undergraduate-catalog/methods-of-learning-and-earning-credit/transfer-credit/,2026-09-01,seed-research-2026-09,VERIFIED
9fea65ca-bdfd-55a5-970a-7eeccccf83e7,PROVIDER_COURSE,SOPH-PHIL1001,TESU,BSBA,2025-2026,HUM2,VERIFIED,https://tesu.smartcatalogiq.com/current/undergraduate-catalog/methods-of-learning-and-earning-credit/transfer-credit/,2026-09-01,seed-research-2026-09,VERIFIED
8cb556f3-c14f-5f5b-bfd7-1b549e98a095,PROVIDER_COURSE,SOPH-PHIL1002,TESU,BSBA,2025-2026,ETHICS,VERIFIED,https://tesu.smartcatalogiq.com/current/undergraduate-catalog/methods-of-learning-and-earning-credit/transfer-credit/,2026-09-01,seed-research-2026-09,VERIFIED
4cfad55a-d3bf-5643-a3f3-7835a967e5cf,PROVIDER_COURSE,SOPH-HIST1001,TESU,BSBA,2025-2026,HIST,VERIFIED,https://tesu.smartcatalogiq.com/current/undergraduate-catalog/methods-of-learning-and-earning-credit/transfer-credit/,2026-09-01,seed-research-2026-09,VERIFIED
c43b438e-8a36-5e0b-aab7-7d1ca574ffba,PROVIDER_COURSE,SOPH-PSYC1001,TESU,BSBA,2025-2026,SS1,VERIFIED,https://tesu.smartcatalogiq.com/current/undergraduate-catalog/methods-of-learning-and-earning-credit/transfer-credit/,2026-09-01,seed-research-2026-09,VERIFIED
9de4e72b-9c23-5870-8917-f2ce1ae50418,PROVIDER_COURSE,SOPH-SOCI1001,TESU,BSBA,2025-2026,SS2,VERIFIED,https://tesu.smartcatalogiq.com/current/undergraduate-catalog/methods-of-learning-and-earning-credit/transfer-credit/,2026-09-01,seed-research-2026-09,VERIFIED
0846dcbc-2f82-5c3e-8b7b-ff28428296db,PROVIDER_COURSE,SOPH-CS1001,TESU,BSBA,2025-2026,INFO,VERIFIED,https://tesu.smartcatalogiq.com/current/undergraduate-catalog/methods-of-learning-and-earning-credit/transfer-credit/,2026-09-01,seed-research-2026-09,VERIFIED
e749ab19-fe93-5a44-bfa5-b472a48c4eb1,PROVIDER_COURSE,SOPH-BUS1001,TESU,BSBA,2025-2026,BUS101,VERIFIED,https://tesu.smartcatalogiq.com/current/undergraduate-catalog/methods-of-learning-and-earning-credit/transfer-credit/,2026-09-01,seed-research-2026-09,VERIFIED
4cacfd28-7148-54a2-9e0e-959b65df539e,PROVIDER_COURSE,SOPH-ACCT1001,TESU,BSBA,2025-2026,ACCT1,VERIFIED,https://tesu.smartcatalogiq.com/current/undergraduate-catalog/methods-of-learning-and-earning-credit/transfer-credit/,2026-09-01,seed-research-2026-09,VERIFIED
63e5e5c3-ee60-59ab-824c-dd83d1c8834b,PROVIDER_COURSE,SOPH-ECON1001,TESU,BSBA,2025-2026,MICRO,VERIFIED,https://tesu.smartcatalogiq.com/current/undergraduate-catalog/methods-of-learning-and-earning-credit/transfer-credit/,2026-09-01,seed-research-2026-09,VERIFIED
6179cb02-a4ed-5d73-af89-5283da7ae46c,PROVIDER_COURSE,SOPH-ECON1002,TESU,BSBA,2025-2026,MACRO,VERIFIED,https://tesu.smartcatalogiq.com/current/undergraduate-catalog/methods-of-learning-and-earning-credit/transfer-credit/,2026-09-01,seed-research-2026-09,VERIFIED
2ad8ef87-81b7-5d23-a9d4-793e298a8b42,PROVIDER_COURSE,SOPH-MGT1001,TESU,BSBA,2025-2026,MGT,VERIFIED,https://tesu.smartcatalogiq.com/current/undergraduate-catalog/methods-of-learning-and-earning-credit/transfer-credit/,2026-09-01,seed-research-2026-09,VERIFIED
1a31ed44-851f-582e-a1d2-b08d7b02c28d,PROVIDER_COURSE,SOPH-MKT1001,TESU,BSBA,2025-2026,MKT,VERIFIED,https://tesu.smartcatalogiq.com/current/undergraduate-catalog/methods-of-learning-and-earning-credit/transfer-credit/,2026-09-01,seed-research-2026-09,VERIFIED
1c185a4c-ec93-5b9d-a54d-c437d6a0984f,PROVIDER_COURSE,SOPH-BUS1002,TESU,BSBA,2025-2026,BLAW,VERIFIED,https://tesu.smartcatalogiq.com/current/undergraduate-catalog/methods-of-learning-and-earning-credit/transfer-credit/,2026-09-01,seed-research-2026-09,VERIFIED
6acde059-b8f1-5452-8b85-8713e558e5fd,PROVIDER_COURSE,SOPH-CS1002,TESU,BSBA,2025-2026,IS,VERIFIED,https://tesu.smartcatalogiq.com/current/undergraduate-catalog/methods-of-learning-and-earning-credit/transfer-credit/,2026-09-01,seed-research-2026-09,VERIFIED
12d19167-5411-5f85-a990-ce1258bd7098,PROVIDER_COURSE,SDC-ENG104,TESU,BSBA,2025-2026,ENG1,VERIFIED,https://tesu.smartcatalogiq.com/current/undergraduate-catalog/methods-of-learning-and-earning-credit/transfer-credit/,2026-09-01,seed-research-2026-09,VERIFIED
68e067e6-c28d-570a-b5d4-c3586e0bae60,PROVIDER_COURSE,SDC-ENG105,TESU,BSBA,2025-2026,ENG2,VERIFIED,https://tesu.smartcatalogiq.com/current/undergraduate-catalog/methods-of-learning-and-earning-credit/transfer-credit/,2026-09-01,seed-research-2026-09,VERIFIED
1a8435ef-7b82-5bf6-9b1f-aa95976193e0,PROVIDER_COURSE,SDC-MATH101,TESU,BSBA,2025-2026,QR,VERIFIED,https://tesu.smartcatalogiq.com/current/undergraduate-catalog/methods-of-learning-and-earning-credit/transfer-credit/,2026-09-01,seed-research-2026-09,VERIFIED
8112338b-ce80-57df-8843-f0277c7a9640,PROVIDER_COURSE,SDC-STAT101,TESU,BSBA,2025-2026,STAT,VERIFIED,https://tesu.smartcatalogiq.com/current/undergraduate-catalog/methods-of-learning-and-earning-credit/transfer-credit/,2026-09-01,seed-research-2026-09,VERIFIED
cf8ce4d3-62b7-50f1-b2de-2dd993678e1a,PROVIDER_COURSE,SDC-BUS101,TESU,BSBA,2025-2026,MGT,VERIFIED,https://tesu.smartcatalogiq.com/current/undergraduate-catalog/methods-of-learning-and-earning-credit/transfer-credit/,2026-09-01,seed-research-2026-09,VERIFIED
22888584-9e91-5a83-807c-cb8a14f2b3b4,PROVIDER_COURSE,SDC-BUS103,TESU,BSBA,2025-2026,BLAW,VERIFIED,https://tesu.smartcatalogiq.com/current/undergraduate-catalog/methods-of-learning-and-earning-credit/transfer-credit/,2026-09-01,seed-research-2026-09,VERIFIED
e6402bff-dfb9-522d-bd94-1a976a34c332,PROVIDER_COURSE,SDC-ACCT101,TESU,BSBA,2025-2026,ACCT1,VERIFIED,https://tesu.smartcatalogiq.com/current/undergraduate-catalog/methods-of-learning-and-earning-credit/transfer-credit/,2026-09-01,seed-research-2026-09,VERIFIED
35136760-f82d-57ca-b313-088cb8e36dd1,PROVIDER_COURSE,SDC-ACCT102,TESU,BSBA,2025-2026,ACCT2,VERIFIED,https://tesu.smartcatalogiq.com/current/undergraduate-catalog/methods-of-learning-and-earning-credit/transfer-credit/,2026-09-01,seed-research-2026-09,VERIFIED
f413f405-ca4a-51a4-be55-98e6f2426a34,PROVIDER_COURSE,SDC-FIN101,TESU,BSBA,2025-2026,FIN,VERIFIED,https://tesu.smartcatalogiq.com/current/undergraduate-catalog/methods-of-learning-and-earning-credit/transfer-credit/,2026-09-01,seed-research-2026-09,VERIFIED
76e656b7-3357-5642-bf6e-166961ca2733,PROVIDER_COURSE,SDC-HR101,TESU,BSBA,2025-2026,HR,VERIFIED,https://tesu.smartcatalogiq.com/current/undergraduate-catalog/methods-of-learning-and-earning-credit/transfer-credit/,2026-09-01,seed-research-2026-09,VERIFIED
182dfb83-b167-5fe1-9591-84828c9491f6,PROVIDER_COURSE,SDC-CS103,TESU,BSBA,2025-2026,INFO,VERIFIED,https://tesu.smartcatalogiq.com/current/undergraduate-catalog/methods-of-learning-and-earning-credit/transfer-credit/,2026-09-01,seed-research-2026-09,VERIFIED
01df07d7-8c6d-5bcc-9855-eb27dc60dbec,PROVIDER_COURSE,SL-ENG101,TESU,BSBA,2025-2026,ENG1,VERIFIED,https://tesu.smartcatalogiq.com/current/undergraduate-catalog/methods-of-learning-and-earning-credit/transfer-credit/,2026-09-01,seed-research-2026-09,VERIFIED
5257916f-67d5-5580-98ae-9a241653f96e,PROVIDER_COURSE,SL-ENG102,TESU,BSBA,2025-2026,ENG2,VERIFIED,https://tesu.smartcatalogiq.com/current/undergraduate-catalog/methods-of-learning-and-earning-credit/transfer-credit/,2026-09-01,seed-research-2026-09,VERIFIED
3840ce6a-34b3-5af6-860b-11dd9e40d596,PROVIDER_COURSE,SL-MAT101,TESU,BSBA,2025-2026,QR,VERIFIED,https://tesu.smartcatalogiq.com/current/undergraduate-catalog/methods-of-learning-and-earning-credit/transfer-credit/,2026-09-01,seed-research-2026-09,VERIFIED
12a91415-b5d7-5a23-9454-bced8b711b0d,PROVIDER_COURSE,SL-MAT201,TESU,BSBA,2025-2026,STAT,VERIFIED,https://tesu.smartcatalogiq.com/current/undergraduate-catalog/methods-of-learning-and-earning-credit/transfer-credit/,2026-09-01,seed-research-2026-09,VERIFIED
55d6d107-7029-5189-af7c-44f4af9d1ce5,PROVIDER_COURSE,SL-BIO101,TESU,BSBA,2025-2026,NS2,VERIFIED,https://tesu.smartcatalogiq.com/current/undergraduate-catalog/methods-of-learning-and-earning-credit/transfer-credit/,2026-09-01,seed-research-2026-09,VERIFIED
0121db41-acf4-5e17-95d2-f361a0d12461,PROVIDER_COURSE,SL-CHEM101,TESU,BSBA,2025-2026,NS1,VERIFIED,https://tesu.smartcatalogiq.com/current/undergraduate-catalog/methods-of-learning-and-earning-credit/transfer-credit/,2026-09-01,seed-research-2026-09,VERIFIED
65a66742-4942-5086-bf5f-5132fc77cf10,PROVIDER_COURSE,SL-PSY101,TESU,BSBA,2025-2026,SS1,VERIFIED,https://tesu.smartcatalogiq.com/current/undergraduate-catalog/methods-of-learning-and-earning-credit/transfer-credit/,2026-09-01,seed-research-2026-09,VERIFIED
1fb62d39-6651-52f4-bd96-2b3a47bd83bf,PROVIDER_COURSE,SL-SOC101,TESU,BSBA,2025-2026,SS2,VERIFIED,https://tesu.smartcatalogiq.com/current/undergraduate-catalog/methods-of-learning-and-earning-credit/transfer-credit/,2026-09-01,seed-research-2026-09,VERIFIED
f0cd6616-d68f-561f-a3db-d128b93595e0,PROVIDER_COURSE,SL-ACC101,TESU,BSBA,2025-2026,ACCT1,VERIFIED,https://tesu.smartcatalogiq.com/current/undergraduate-catalog/methods-of-learning-and-earning-credit/transfer-credit/,2026-09-01,seed-research-2026-09,VERIFIED
153d50bd-014c-5edc-b61f-43bcaab14deb,PROVIDER_COURSE,SL-ACC102,TESU,BSBA,2025-2026,ACCT2,VERIFIED,https://tesu.smartcatalogiq.com/current/undergraduate-catalog/methods-of-learning-and-earning-credit/transfer-credit/,2026-09-01,seed-research-2026-09,VERIFIED
709725d6-9b56-50c3-ab3b-5606fc61902f,PROVIDER_COURSE,SL-BUS105,TESU,BSBA,2025-2026,COMM,VERIFIED,https://tesu.smartcatalogiq.com/current/undergraduate-catalog/methods-of-learning-and-earning-credit/transfer-credit/,2026-09-01,seed-research-2026-09,VERIFIED
988d3bd1-5b95-5ce6-b404-35a879d826bc,PROVIDER_COURSE,SL-BUS110,TESU,BSBA,2025-2026,BUS101,VERIFIED,https://tesu.smartcatalogiq.com/current/undergraduate-catalog/methods-of-learning-and-earning-credit/transfer-credit/,2026-09-01,seed-research-2026-09,VERIFIED
a60ee426-80ee-5cc9-9ddc-2c41796884e9,PROVIDER_COURSE,SL-CIV101,TESU,BSBA,2025-2026,HIST,VERIFIED,https://tesu.smartcatalogiq.com/current/undergraduate-catalog/methods-of-learning-and-earning-credit/transfer-credit/,2026-09-01,seed-research-2026-09,VERIFIED
33e11938-3096-5aca-bffe-aa4fe3521553,PROVIDER_COURSE,SL-CIV101,TESU,BSBA,2025-2026,HUM1,VERIFIED,https://tesu.smartcatalogiq.com/current/undergraduate-catalog/methods-of-learning-and-earning-credit/transfer-credit/,2026-09-01,seed-research-2026-09,VERIFIED
a14d28fe-5979-5ca5-b2b9-d3fa5a06854b,EXAM,CLEP-COMP1,TESU,BSBA,2025-2026,ENG1,VERIFIED,https://tesu.smartcatalogiq.com/current/undergraduate-catalog/methods-of-learning-and-earning-credit/transfer-credit/,2026-09-01,seed-research-2026-09,VERIFIED
5bbbd5f1-a075-552a-bb2b-8d1256e5f4db,EXAM,CLEP-COMP1,TESU,BSBA,2025-2026,ENG2,VERIFIED,https://tesu.smartcatalogiq.com/current/undergraduate-catalog/methods-of-learning-and-earning-credit/transfer-credit/,2026-09-01,seed-research-2026-09,VERIFIED
135089b8-5de8-5c1e-afe8-bca13206490e,EXAM,CLEP-CALG,TESU,BSBA,2025-2026,QR,VERIFIED,https://tesu.smartcatalogiq.com/current/undergraduate-catalog/methods-of-learning-and-earning-credit/transfer-credit/,2026-09-01,seed-research-2026-09,VERIFIED
19dfc924-d591-589a-b99e-4511f6f581e4,EXAM,CLEP-CALC,TESU,BSBA,2025-2026,QR,VERIFIED,https://tesu.smartcatalogiq.com/current/undergraduate-catalog/methods-of-learning-and-earning-credit/transfer-credit/,2026-09-01,seed-research-2026-09,VERIFIED
b21a4077-cd07-52f7-a020-51e44c9d04ca,EXAM,CLEP-COLMATH,TESU,BSBA,2025-2026,QR,VERIFIED,https://tesu.smartcatalogiq.com/current/undergraduate-catalog/methods-of-learning-and-earning-credit/transfer-credit/,2026-09-01,seed-research-2026-09,VERIFIED
0260efb7-3be7-5c32-9a95-69779670ac90,EXAM,CLEP-USH1,TESU,BSBA,2025-2026,HIST,VERIFIED,https://tesu.smartcatalogiq.com/current/undergraduate-catalog/methods-of-learning-and-earning-credit/transfer-credit/,2026-09-01,seed-research-2026-09,VERIFIED
9ba1b60c-8da7-5d44-b6d7-0d6daeaf6f4a,EXAM,CLEP-USH2,TESU,BSBA,2025-2026,HIST,VERIFIED,https://tesu.smartcatalogiq.com/current/undergraduate-catalog/methods-of-learning-and-earning-credit/transfer-credit/,2026-09-01,seed-research-2026-09,VERIFIED
0ef0cd6f-c509-5056-b15a-634ee3349f1c,EXAM,CLEP-PSY,TESU,BSBA,2025-2026,SS1,VERIFIED,https://tesu.smartcatalogiq.com/current/undergraduate-catalog/methods-of-learning-and-earning-credit/transfer-credit/,2026-09-01,seed-research-2026-09,VERIFIED
3bc879e3-831b-5c66-b229-b1b9778e5f53,EXAM,CLEP-SOC,TESU,BSBA,2025-2026,SS2,VERIFIED,https://tesu.smartcatalogiq.com/current/undergraduate-catalog/methods-of-learning-and-earning-credit/transfer-credit/,2026-09-01,seed-research-2026-09,VERIFIED
8f3faca0-ed97-5bc4-8837-8b3c17a1507e,EXAM,CLEP-MGT,TESU,BSBA,2025-2026,MGT,VERIFIED,https://tesu.smartcatalogiq.com/current/undergraduate-catalog/methods-of-learning-and-earning-credit/transfer-credit/,2026-09-01,seed-research-2026-09,VERIFIED
ce347047-fe03-5d38-a3f0-a5cd45e794dc,EXAM,CLEP-MKT,TESU,BSBA,2025-2026,MKT,VERIFIED,https://tesu.smartcatalogiq.com/current/undergraduate-catalog/methods-of-learning-and-earning-credit/transfer-credit/,2026-09-01,seed-research-2026-09,VERIFIED
22bf3e40-5254-542e-a0f6-f479be2afbdf,EXAM,CLEP-MACRO,TESU,BSBA,2025-2026,MACRO,VERIFIED,https://tesu.smartcatalogiq.com/current/undergraduate-catalog/methods-of-learning-and-earning-credit/transfer-credit/,2026-09-01,seed-research-2026-09,VERIFIED
5bce1544-b75e-5e99-8438-50f7307013b3,EXAM,CLEP-MICRO,TESU,BSBA,2025-2026,MICRO,VERIFIED,https://tesu.smartcatalogiq.com/current/undergraduate-catalog/methods-of-learning-and-earning-credit/transfer-credit/,2026-09-01,seed-research-2026-09,VERIFIED
232c76e8-dc3e-5c19-9549-2d499d740d5b,EXAM,CLEP-IT,TESU,BSBA,2025-2026,INFO,VERIFIED,https://tesu.smartcatalogiq.com/current/undergraduate-catalog/methods-of-learning-and-earning-credit/transfer-credit/,2026-09-01,seed-research-2026-09,VERIFIED
73c01f4c-78f0-5b5f-b73b-d5646cd58284,EXAM,CLEP-IT,TESU,BSBA,2025-2026,IS,VERIFIED,https://tesu.smartcatalogiq.com/current/undergraduate-catalog/methods-of-learning-and-earning-credit/transfer-credit/,2026-09-01,seed-research-2026-09,VERIFIED
f91079fb-5d49-5722-8f04-682d8bdfdeac,EXAM,CLEP-BIO,TESU,BSBA,2025-2026,NS1,VERIFIED,https://tesu.smartcatalogiq.com/current/undergraduate-catalog/methods-of-learning-and-earning-credit/transfer-credit/,2026-09-01,seed-research-2026-09,VERIFIED
67b237f1-a29c-5429-a8b0-23b4ff44c114,EXAM,CLEP-BIO,TESU,BSBA,2025-2026,NS2,VERIFIED,https://tesu.smartcatalogiq.com/current/undergraduate-catalog/methods-of-learning-and-earning-credit/transfer-credit/,2026-09-01,seed-research-2026-09,VERIFIED
ee4cacb0-3620-536a-9199-423aa3b27e0c,EXAM,CLEP-ANA,TESU,BSBA,2025-2026,HUM1,VERIFIED,https://tesu.smartcatalogiq.com/current/undergraduate-catalog/methods-of-learning-and-earning-credit/transfer-credit/,2026-09-01,seed-research-2026-09,VERIFIED
a79bd343-9cf1-5a4f-8cfd-89f4b31a487b,EXAM,CLEP-ANA,TESU,BSBA,2025-2026,HUM2,VERIFIED,https://tesu.smartcatalogiq.com/current/undergraduate-catalog/methods-of-learning-and-earning-credit/transfer-credit/,2026-09-01,seed-research-2026-09,VERIFIED
07947260-3332-5779-a412-c5297d245105,INSTITUTION_COURSE,ENGL101,TESU,BSBA,2025-2026,ENG1,VERIFIED,https://tesu.smartcatalogiq.com/current/undergraduate-catalog/methods-of-learning-and-earning-credit/transfer-credit/,2026-09-01,seed-research-2026-09,VERIFIED
f7aa4f25-b2c1-5a0b-a8f5-7a3ba894de48,INSTITUTION_COURSE,ENGL102,TESU,BSBA,2025-2026,ENG2,VERIFIED,https://tesu.smartcatalogiq.com/current/undergraduate-catalog/methods-of-learning-and-earning-credit/transfer-credit/,2026-09-01,seed-research-2026-09,VERIFIED
0cacba2f-57c5-584a-ac3e-50d2aa1798a5,INSTITUTION_COURSE,MATH110,TESU,BSBA,2025-2026,QR,VERIFIED,https://tesu.smartcatalogiq.com/current/undergraduate-catalog/methods-of-learning-and-earning-credit/transfer-credit/,2026-09-01,seed-research-2026-09,VERIFIED
cb8abbe7-1bcc-5065-85a6-a076ecae6d30,INSTITUTION_COURSE,MATH210,TESU,BSBA,2025-2026,STAT,VERIFIED,https://tesu.smartcatalogiq.com/current/undergraduate-catalog/methods-of-learning-and-earning-credit/transfer-credit/,2026-09-01,seed-research-2026-09,VERIFIED
79bae45c-bd4d-53ab-94c6-6c5446452fdc,INSTITUTION_COURSE,BIOL101,TESU,BSBA,2025-2026,NS2,VERIFIED,https://tesu.smartcatalogiq.com/current/undergraduate-catalog/methods-of-learning-and-earning-credit/transfer-credit/,2026-09-01,seed-research-2026-09,VERIFIED
6f4665ee-a68d-5e72-92b8-5eb41adc3114,INSTITUTION_COURSE,CHEM101,TESU,BSBA,2025-2026,NS1,VERIFIED,https://tesu.smartcatalogiq.com/current/undergraduate-catalog/methods-of-learning-and-earning-credit/transfer-credit/,2026-09-01,seed-research-2026-09,VERIFIED
ac301a83-16d2-5b72-9060-4b4b20f36ece,INSTITUTION_COURSE,HIST101,TESU,BSBA,2025-2026,HIST,VERIFIED,https://tesu.smartcatalogiq.com/current/undergraduate-catalog/methods-of-learning-and-earning-credit/transfer-credit/,2026-09-01,seed-research-2026-09,VERIFIED
c44786cb-f8dc-5c40-9166-3b97f3e95acb,INSTITUTION_COURSE,PSYC101,TESU,BSBA,2025-2026,SS1,VERIFIED,https://tesu.smartcatalogiq.com/current/undergraduate-catalog/methods-of-learning-and-earning-credit/transfer-credit/,2026-09-01,seed-research-2026-09,VERIFIED
bdeed246-eac2-56da-b14d-b202f5a0fd3f,INSTITUTION_COURSE,SOCI101,TESU,BSBA,2025-2026,SS2,VERIFIED,https://tesu.smartcatalogiq.com/current/undergraduate-catalog/methods-of-learning-and-earning-credit/transfer-credit/,2026-09-01,seed-research-2026-09,VERIFIED
c083c962-c95f-50b1-b0ac-44c63f161384,INSTITUTION_COURSE,SPCH101,TESU,BSBA,2025-2026,COMM,VERIFIED,https://tesu.smartcatalogiq.com/current/undergraduate-catalog/methods-of-learning-and-earning-credit/transfer-credit/,2026-09-01,seed-research-2026-09,VERIFIED
b05cb9c7-1615-5f8f-8abf-a92f8db0eab9,INSTITUTION_COURSE,CSCI101,TESU,BSBA,2025-2026,INFO,VERIFIED,https://tesu.smartcatalogiq.com/current/undergraduate-catalog/methods-of-learning-and-earning-credit/transfer-credit/,2026-09-01,seed-research-2026-09,VERIFIED
599b375c-dd14-5c45-92b4-a30fa27d0e6e,INSTITUTION_COURSE,BUS101,TESU,BSBA,2025-2026,BUS101,VERIFIED,https://tesu.smartcatalogiq.com/current/undergraduate-catalog/methods-of-learning-and-earning-credit/transfer-credit/,2026-09-01,seed-research-2026-09,VERIFIED
5c28f57c-ba12-5f6e-bd89-7f1aba9c01c6,INSTITUTION_COURSE,ACCT201,TESU,BSBA,2025-2026,ACCT1,VERIFIED,https://tesu.smartcatalogiq.com/current/undergraduate-catalog/methods-of-learning-and-earning-credit/transfer-credit/,2026-09-01,seed-research-2026-09,VERIFIED
07182c6b-4088-592e-aa4d-182574f4cb2e,INSTITUTION_COURSE,ACCT202,TESU,BSBA,2025-2026,ACCT2,VERIFIED,https://tesu.smartcatalogiq.com/current/undergraduate-catalog/methods-of-learning-and-earning-credit/transfer-credit/,2026-09-01,seed-research-2026-09,VERIFIED
9668a06a-7190-5885-aee5-ca1702b6fdf5,INSTITUTION_COURSE,ECON201,TESU,BSBA,2025-2026,MICRO,VERIFIED,https://tesu.smartcatalogiq.com/current/undergraduate-catalog/methods-of-learning-and-earning-credit/transfer-credit/,2026-09-01,seed-research-2026-09,VERIFIED
e4fa90de-bd30-53b4-99ed-c7c56c50c19e,INSTITUTION_COURSE,ECON202,TESU,BSBA,2025-2026,MACRO,VERIFIED,https://tesu.smartcatalogiq.com/current/undergraduate-catalog/methods-of-learning-and-earning-credit/transfer-credit/,2026-09-01,seed-research-2026-09,VERIFIED
eec935f5-6a1f-521d-af04-d88f45b3b9aa,INSTITUTION_COURSE,MGMT201,TESU,BSBA,2025-2026,MGT,VERIFIED,https://tesu.smartcatalogiq.com/current/undergraduate-catalog/methods-of-learning-and-earning-credit/transfer-credit/,2026-09-01,seed-research-2026-09,VERIFIED
2557575f-82f4-54c7-b8b5-5cec47bd4ca9,INSTITUTION_COURSE,MKTG201,TESU,BSBA,2025-2026,MKT,VERIFIED,https://tesu.smartcatalogiq.com/current/undergraduate-catalog/methods-of-learning-and-earning-credit/transfer-credit/,2026-09-01,seed-research-2026-09,VERIFIED
ed661497-6f91-5c32-8c32-fa6fb4926734,PROVIDER_COURSE,SOPH-ENG1001,TESU,BSCY,2025-2026,ENG1,VERIFIED,https://tesu.smartcatalogiq.com/current/undergraduate-catalog/methods-of-learning-and-earning-credit/transfer-credit/,2026-09-01,seed-research-2026-09,VERIFIED
610170e6-582a-5c6c-95bc-24dd1e0ae67d,PROVIDER_COURSE,SOPH-ENG1002,TESU,BSCY,2025-2026,ENG2,VERIFIED,https://tesu.smartcatalogiq.com/current/undergraduate-catalog/methods-of-learning-and-earning-credit/transfer-credit/,2026-09-01,seed-research-2026-09,VERIFIED
29e96c5a-60ba-55af-905f-fc3b8ff9a6a5,PROVIDER_COURSE,SOPH-COMM1001,TESU,BSCY,2025-2026,COMM,VERIFIED,https://tesu.smartcatalogiq.com/current/undergraduate-catalog/methods-of-learning-and-earning-credit/transfer-credit/,2026-09-01,seed-research-2026-09,VERIFIED
96b43c4b-cead-5af6-a439-7bbe36a11baf,PROVIDER_COURSE,SOPH-MATH1001,TESU,BSCY,2025-2026,QR,VERIFIED,https://tesu.smartcatalogiq.com/current/undergraduate-catalog/methods-of-learning-and-earning-credit/transfer-credit/,2026-09-01,seed-research-2026-09,VERIFIED
1b9f318f-0107-5d33-859c-bb8cba32a6e2,PROVIDER_COURSE,SOPH-STAT1001,TESU,BSCY,2025-2026,STAT,VERIFIED,https://tesu.smartcatalogiq.com/current/undergraduate-catalog/methods-of-learning-and-earning-credit/transfer-credit/,2026-09-01,seed-research-2026-09,VERIFIED
f920bf5c-5e09-5f3e-8c57-86a2753fb2a5,PROVIDER_COURSE,SOPH-ENVS1001,TESU,BSCY,2025-2026,NS2,VERIFIED,https://tesu.smartcatalogiq.com/current/undergraduate-catalog/methods-of-learning-and-earning-credit/transfer-credit/,2026-09-01,seed-research-2026-09,VERIFIED
1ff4af4a-2a05-506e-a434-7c45d4a4e37a,PROVIDER_COURSE,SOPH-BIO1001,TESU,BSCY,2025-2026,NS2,VERIFIED,https://tesu.smartcatalogiq.com/current/undergraduate-catalog/methods-of-learning-and-earning-credit/transfer-credit/,2026-09-01,seed-research-2026-09,VERIFIED
aaa6a3ef-0558-5633-97c6-7a3bb37bd739,PROVIDER_COURSE,SOPH-ART1001,TESU,BSCY,2025-2026,HUM1,VERIFIED,https://tesu.smartcatalogiq.com/current/undergraduate-catalog/methods-of-learning-and-earning-credit/transfer-credit/,2026-09-01,seed-research-2026-09,VERIFIED
8325a60b-7278-5c14-8953-804554ade392,PROVIDER_COURSE,SOPH-PHIL1001,TESU,BSCY,2025-2026,HUM2,VERIFIED,https://tesu.smartcatalogiq.com/current/undergraduate-catalog/methods-of-learning-and-earning-credit/transfer-credit/,2026-09-01,seed-research-2026-09,VERIFIED
88d47ff2-7d0f-5db2-806c-f623223a366b,PROVIDER_COURSE,SOPH-PHIL1002,TESU,BSCY,2025-2026,ETHICS,VERIFIED,https://tesu.smartcatalogiq.com/current/undergraduate-catalog/methods-of-learning-and-earning-credit/transfer-credit/,2026-09-01,seed-research-2026-09,VERIFIED
2ccd1e98-6d5b-5c28-bb93-517a790453f1,PROVIDER_COURSE,SOPH-HIST1001,TESU,BSCY,2025-2026,HIST,VERIFIED,https://tesu.smartcatalogiq.com/current/undergraduate-catalog/methods-of-learning-and-earning-credit/transfer-credit/,2026-09-01,seed-research-2026-09,VERIFIED
2c12b543-411d-5f22-8ece-333f4c56187f,PROVIDER_COURSE,SOPH-PSYC1001,TESU,BSCY,2025-2026,SS1,VERIFIED,https://tesu.smartcatalogiq.com/current/undergraduate-catalog/methods-of-learning-and-earning-credit/transfer-credit/,2026-09-01,seed-research-2026-09,VERIFIED
6023a31f-fb5e-5a8b-93a8-0e4e8fff43be,PROVIDER_COURSE,SOPH-SOCI1001,TESU,BSCY,2025-2026,SS2,VERIFIED,https://tesu.smartcatalogiq.com/current/undergraduate-catalog/methods-of-learning-and-earning-credit/transfer-credit/,2026-09-01,seed-research-2026-09,VERIFIED
a2e97c64-421c-51d1-b459-74019d62f082,PROVIDER_COURSE,SOPH-CS1001,TESU,BSCY,2025-2026,INFO,VERIFIED,https://tesu.smartcatalogiq.com/current/undergraduate-catalog/methods-of-learning-and-earning-credit/transfer-credit/,2026-09-01,seed-research-2026-09,VERIFIED
c3df0cbe-5ab6-59ea-b819-2ffecf0934e6,PROVIDER_COURSE,SOPH-CS1001,TESU,BSCY,2025-2026,IT101,VERIFIED,https://tesu.smartcatalogiq.com/current/undergraduate-catalog/methods-of-learning-and-earning-credit/transfer-credit/,2026-09-01,seed-research-2026-09,VERIFIED
d3abd185-fde0-57c6-9ad0-ffcae9e54601,PROVIDER_COURSE,SOPH-CS1002,TESU,BSCY,2025-2026,DB,VERIFIED,https://tesu.smartcatalogiq.com/current/undergraduate-catalog/methods-of-learning-and-earning-credit/transfer-credit/,2026-09-01,seed-research-2026-09,VERIFIED
3e4702af-0e72-5b1e-9bc0-42d06893e901,PROVIDER_COURSE,SOPH-CS1003,TESU,BSCY,2025-2026,PROG,VERIFIED,https://tesu.smartcatalogiq.com/current/undergraduate-catalog/methods-of-learning-and-earning-credit/transfer-credit/,2026-09-01,seed-research-2026-09,VERIFIED
cb4fd1bc-9aa7-58f8-9e86-d3619e4f69d1,PROVIDER_COURSE,SOPH-CS1004,TESU,BSCY,2025-2026,WEB,VERIFIED,https://tesu.smartcatalogiq.com/current/undergraduate-catalog/methods-of-learning-and-earning-credit/transfer-credit/,2026-09-01,seed-research-2026-09,VERIFIED
017de48d-204f-52f3-ba2d-e69f9a924b85,PROVIDER_COURSE,SOPH-CS1005,TESU,BSCY,2025-2026,NET,VERIFIED,https://tesu.smartcatalogiq.com/current/undergraduate-catalog/methods-of-learning-and-earning-credit/transfer-credit/,2026-09-01,seed-research-2026-09,VERIFIED
fd1f150e-e9c0-5cab-b85f-c1d1f0388e92,PROVIDER_COURSE,SDC-ENG104,TESU,BSCY,2025-2026,ENG1,VERIFIED,https://tesu.smartcatalogiq.com/current/undergraduate-catalog/methods-of-learning-and-earning-credit/transfer-credit/,2026-09-01,seed-research-2026-09,VERIFIED
4d37bb5b-1985-541c-b955-31ce48e92849,PROVIDER_COURSE,SDC-ENG105,TESU,BSCY,2025-2026,ENG2,VERIFIED,https://tesu.smartcatalogiq.com/current/undergraduate-catalog/methods-of-learning-and-earning-credit/transfer-credit/,2026-09-01,seed-research-2026-09,VERIFIED
7b6984d4-d461-570e-909e-209b7b119c11,PROVIDER_COURSE,SDC-MATH101,TESU,BSCY,2025-2026,QR,VERIFIED,https://tesu.smartcatalogiq.com/current/undergraduate-catalog/methods-of-learning-and-earning-credit/transfer-credit/,2026-09-01,seed-research-2026-09,VERIFIED
260de912-5365-5936-97d0-180f6e4345ea,PROVIDER_COURSE,SDC-STAT101,TESU,BSCY,2025-2026,STAT,VERIFIED,https://tesu.smartcatalogiq.com/current/undergraduate-catalog/methods-of-learning-and-earning-credit/transfer-credit/,2026-09-01,seed-research-2026-09,VERIFIED
39311846-63fa-585a-b5b7-a4c2011763af,PROVIDER_COURSE,SDC-CS103,TESU,BSCY,2025-2026,INFO,VERIFIED,https://tesu.smartcatalogiq.com/current/undergraduate-catalog/methods-of-learning-and-earning-credit/transfer-credit/,2026-09-01,seed-research-2026-09,VERIFIED
9f909598-a0b8-54ee-bb45-e761707d94ac,PROVIDER_COURSE,SDC-CS105,TESU,BSCY,2025-2026,OS,VERIFIED,https://tesu.smartcatalogiq.com/current/undergraduate-catalog/methods-of-learning-and-earning-credit/transfer-credit/,2026-09-01,seed-research-2026-09,VERIFIED
6159333d-82c8-5755-8566-ab71dad008b3,PROVIDER_COURSE,SDC-CS202,TESU,BSCY,2025-2026,NET,VERIFIED,https://tesu.smartcatalogiq.com/current/undergraduate-catalog/methods-of-learning-and-earning-credit/transfer-credit/,2026-09-01,seed-research-2026-09,VERIFIED
d5013a0d-2bd9-5b7a-9be2-bb587a6835f5,PROVIDER_COURSE,SDC-CS202,TESU,BSCY,2025-2026,SEC1,VERIFIED,https://tesu.smartcatalogiq.com/current/undergraduate-catalog/methods-of-learning-and-earning-credit/transfer-credit/,2026-09-01,seed-research-2026-09,VERIFIED
f2d05f29-2d60-532d-9b6a-1838b00e5475,PROVIDER_COURSE,SDC-CS303,TESU,BSCY,2025-2026,DB,VERIFIED,https://tesu.smartcatalogiq.com/current/undergraduate-catalog/methods-of-learning-and-earning-credit/transfer-credit/,2026-09-01,seed-research-2026-09,VERIFIED
c05fd42a-6e96-5bbf-aa98-dbdb37572966,PROVIDER_COURSE,SDC-CYB101,TESU,BSCY,2025-2026,SEC1,VERIFIED,https://tesu.smartcatalogiq.com/current/undergraduate-catalog/methods-of-learning-and-earning-credit/transfer-credit/,2026-09-01,seed-research-2026-09,VERIFIED
9cd6835c-4bbc-5208-a2ef-8586f5d1f223,PROVIDER_COURSE,SL-ENG101,TESU,BSCY,2025-2026,ENG1,VERIFIED,https://tesu.smartcatalogiq.com/current/undergraduate-catalog/methods-of-learning-and-earning-credit/transfer-credit/,2026-09-01,seed-research-2026-09,VERIFIED
713ae9ea-6b51-5968-ac70-d47055dbdf58,PROVIDER_COURSE,SL-ENG102,TESU,BSCY,2025-2026,ENG2,VERIFIED,https://tesu.smartcatalogiq.com/current/undergraduate-catalog/methods-of-learning-and-earning-credit/transfer-credit/,2026-09-01,seed-research-2026-09,VERIFIED
0fb644ce-06dc-54cb-b417-10d84fc442ba,PROVIDER_COURSE,SL-MAT101,TESU,BSCY,2025-2026,QR,VERIFIED,https://tesu.smartcatalogiq.com/current/undergraduate-catalog/methods-of-learning-and-earning-credit/transfer-credit/,2026-09-01,seed-research-2026-09,VERIFIED
8447ce41-e9aa-5c0b-84ba-b7212284d2fc,PROVIDER_COURSE,SL-MAT201,TESU,BSCY,2025-2026,STAT,VERIFIED,https://tesu.smartcatalogiq.com/current/undergraduate-catalog/methods-of-learning-and-earning-credit/transfer-credit/,2026-09-01,seed-research-2026-09,VERIFIED
abcb65d7-e4cb-5695-acdb-52caf11b47ff,PROVIDER_COURSE,SL-BIO101,TESU,BSCY,2025-2026,NS2,VERIFIED,https://tesu.smartcatalogiq.com/current/undergraduate-catalog/methods-of-learning-and-earning-credit/transfer-credit/,2026-09-01,seed-research-2026-09,VERIFIED
9f58d11c-4faf-57da-a74f-c979ff66443a,PROVIDER_COURSE,SL-CHEM101,TESU,BSCY,2025-2026,NS1,VERIFIED,https://tesu.smartcatalogiq.com/current/undergraduate-catalog/methods-of-learning-and-earning-credit/transfer-credit/,2026-09-01,seed-research-2026-09,VERIFIED
35e76a9f-9e5a-5744-b496-3164e90d4049,PROVIDER_COURSE,SL-PSY101,TESU,BSCY,2025-2026,SS1,VERIFIED,https://tesu.smartcatalogiq.com/current/undergraduate-catalog/methods-of-learning-and-earning-credit/transfer-credit/,2026-09-01,seed-research-2026-09,VERIFIED
2fd9c921-9ed9-5840-b99c-bc44c003264e,PROVIDER_COURSE,SL-SOC101,TESU,BSCY,2025-2026,SS2,VERIFIED,https://tesu.smartcatalogiq.com/current/undergraduate-catalog/methods-of-learning-and-earning-credit/transfer-credit/,2026-09-01,seed-research-2026-09,VERIFIED
7c1426af-1ed1-5e8c-8b43-241e4dfcba7e,PROVIDER_COURSE,SL-BUS105,TESU,BSCY,2025-2026,COMM,VERIFIED,https://tesu.smartcatalogiq.com/current/undergraduate-catalog/methods-of-learning-and-earning-credit/transfer-credit/,2026-09-01,seed-research-2026-09,VERIFIED
02585656-2f1a-5d5d-9441-518d06d0aa3a,PROVIDER_COURSE,SL-CIV101,TESU,BSCY,2025-2026,HIST,VERIFIED,https://tesu.smartcatalogiq.com/current/undergraduate-catalog/methods-of-learning-and-earning-credit/transfer-credit/,2026-09-01,seed-research-2026-09,VERIFIED
dd1d6ba3-d925-505a-a274-7d0731c80a07,PROVIDER_COURSE,SL-CIV101,TESU,BSCY,2025-2026,HUM1,VERIFIED,https://tesu.smartcatalogiq.com/current/undergraduate-catalog/methods-of-learning-and-earning-credit/transfer-credit/,2026-09-01,seed-research-2026-09,VERIFIED
4a7f1136-c7e6-5d89-890b-df546e2cd0f1,PROVIDER_COURSE,SL-IT101,TESU,BSCY,2025-2026,PROG,VERIFIED,https://tesu.smartcatalogiq.com/current/undergraduate-catalog/methods-of-learning-and-earning-credit/transfer-credit/,2026-09-01,seed-research-2026-09,VERIFIED
3251173e-4d40-516a-8787-c8836ca41dcc,EXAM,CLEP-COMP1,TESU,BSCY,2025-2026,ENG1,VERIFIED,https://tesu.smartcatalogiq.com/current/undergraduate-catalog/methods-of-learning-and-earning-credit/transfer-credit/,2026-09-01,seed-research-2026-09,VERIFIED
38c372cd-343e-5c3f-8325-ed0c4c620a40,EXAM,CLEP-COMP1,TESU,BSCY,2025-2026,ENG2,VERIFIED,https://tesu.smartcatalogiq.com/current/undergraduate-catalog/methods-of-learning-and-earning-credit/transfer-credit/,2026-09-01,seed-research-2026-09,VERIFIED
7a2b90d4-fffa-5711-922e-490ab2ceef9a,EXAM,CLEP-CALG,TESU,BSCY,2025-2026,QR,VERIFIED,https://tesu.smartcatalogiq.com/current/undergraduate-catalog/methods-of-learning-and-earning-credit/transfer-credit/,2026-09-01,seed-research-2026-09,VERIFIED
b6252a30-5e85-5177-a013-92ca1735ab60,EXAM,CLEP-CALC,TESU,BSCY,2025-2026,QR,VERIFIED,https://tesu.smartcatalogiq.com/current/undergraduate-catalog/methods-of-learning-and-earning-credit/transfer-credit/,2026-09-01,seed-research-2026-09,VERIFIED
82eddb20-f0d6-543c-b223-a9ce47e8d664,EXAM,CLEP-COLMATH,TESU,BSCY,2025-2026,QR,VERIFIED,https://tesu.smartcatalogiq.com/current/undergraduate-catalog/methods-of-learning-and-earning-credit/transfer-credit/,2026-09-01,seed-research-2026-09,VERIFIED
061807f0-2748-55d7-a9db-a3ab520608c5,EXAM,CLEP-USH1,TESU,BSCY,2025-2026,HIST,VERIFIED,https://tesu.smartcatalogiq.com/current/undergraduate-catalog/methods-of-learning-and-earning-credit/transfer-credit/,2026-09-01,seed-research-2026-09,VERIFIED
d0d8c319-2b54-50a7-9aea-9c54819c8f41,EXAM,CLEP-USH2,TESU,BSCY,2025-2026,HIST,VERIFIED,https://tesu.smartcatalogiq.com/current/undergraduate-catalog/methods-of-learning-and-earning-credit/transfer-credit/,2026-09-01,seed-research-2026-09,VERIFIED
4dc4764f-5d84-5ecf-bb3c-bea01ce7e7d1,EXAM,CLEP-PSY,TESU,BSCY,2025-2026,SS1,VERIFIED,https://tesu.smartcatalogiq.com/current/undergraduate-catalog/methods-of-learning-and-earning-credit/transfer-credit/,2026-09-01,seed-research-2026-09,VERIFIED
8f15b48b-4918-514d-84b9-049e810c067d,EXAM,CLEP-SOC,TESU,BSCY,2025-2026,SS2,VERIFIED,https://tesu.smartcatalogiq.com/current/undergraduate-catalog/methods-of-learning-and-earning-credit/transfer-credit/,2026-09-01,seed-research-2026-09,VERIFIED
632f71d1-b182-5e34-86f9-053f6b7e429c,EXAM,CLEP-IT,TESU,BSCY,2025-2026,INFO,VERIFIED,https://tesu.smartcatalogiq.com/current/undergraduate-catalog/methods-of-learning-and-earning-credit/transfer-credit/,2026-09-01,seed-research-2026-09,VERIFIED
dea94150-bd9c-5b74-89b3-9376fa4dcf7d,EXAM,CLEP-BIO,TESU,BSCY,2025-2026,NS1,VERIFIED,https://tesu.smartcatalogiq.com/current/undergraduate-catalog/methods-of-learning-and-earning-credit/transfer-credit/,2026-09-01,seed-research-2026-09,VERIFIED
edc27877-42ce-5d61-ae49-f7ab5816df08,EXAM,CLEP-BIO,TESU,BSCY,2025-2026,NS2,VERIFIED,https://tesu.smartcatalogiq.com/current/undergraduate-catalog/methods-of-learning-and-earning-credit/transfer-credit/,2026-09-01,seed-research-2026-09,VERIFIED
8cbf6366-90a2-5da6-b936-586f29afa2b3,EXAM,CLEP-ANA,TESU,BSCY,2025-2026,HUM1,VERIFIED,https://tesu.smartcatalogiq.com/current/undergraduate-catalog/methods-of-learning-and-earning-credit/transfer-credit/,2026-09-01,seed-research-2026-09,VERIFIED
0a6b5c96-a29f-5896-b189-cce62ab8b6fe,EXAM,CLEP-ANA,TESU,BSCY,2025-2026,HUM2,VERIFIED,https://tesu.smartcatalogiq.com/current/undergraduate-catalog/methods-of-learning-and-earning-credit/transfer-credit/,2026-09-01,seed-research-2026-09,VERIFIED
012ba070-fbd2-56a2-a1d8-1cf2d47be5b1,INSTITUTION_COURSE,ENGL101,TESU,BSCY,2025-2026,ENG1,VERIFIED,https://tesu.smartcatalogiq.com/current/undergraduate-catalog/methods-of-learning-and-earning-credit/transfer-credit/,2026-09-01,seed-research-2026-09,VERIFIED
4c6a850d-8946-53f7-993a-f68979c953f4,INSTITUTION_COURSE,ENGL102,TESU,BSCY,2025-2026,ENG2,VERIFIED,https://tesu.smartcatalogiq.com/current/undergraduate-catalog/methods-of-learning-and-earning-credit/transfer-credit/,2026-09-01,seed-research-2026-09,VERIFIED
14b45c44-7429-5fec-9155-283af3cbb03a,INSTITUTION_COURSE,MATH110,TESU,BSCY,2025-2026,QR,VERIFIED,https://tesu.smartcatalogiq.com/current/undergraduate-catalog/methods-of-learning-and-earning-credit/transfer-credit/,2026-09-01,seed-research-2026-09,VERIFIED
f6e72613-939e-5747-bf9d-6a96c3b34b8d,INSTITUTION_COURSE,MATH210,TESU,BSCY,2025-2026,STAT,VERIFIED,https://tesu.smartcatalogiq.com/current/undergraduate-catalog/methods-of-learning-and-earning-credit/transfer-credit/,2026-09-01,seed-research-2026-09,VERIFIED
e3f6c93b-bebf-5949-b485-f4937c195964,INSTITUTION_COURSE,BIOL101,TESU,BSCY,2025-2026,NS2,VERIFIED,https://tesu.smartcatalogiq.com/current/undergraduate-catalog/methods-of-learning-and-earning-credit/transfer-credit/,2026-09-01,seed-research-2026-09,VERIFIED
f8de9f27-9065-59cb-a140-903a6a71e6a3,INSTITUTION_COURSE,CHEM101,TESU,BSCY,2025-2026,NS1,VERIFIED,https://tesu.smartcatalogiq.com/current/undergraduate-catalog/methods-of-learning-and-earning-credit/transfer-credit/,2026-09-01,seed-research-2026-09,VERIFIED
108cda4a-3749-5f9d-bfe6-373016786ac5,INSTITUTION_COURSE,HIST101,TESU,BSCY,2025-2026,HIST,VERIFIED,https://tesu.smartcatalogiq.com/current/undergraduate-catalog/methods-of-learning-and-earning-credit/transfer-credit/,2026-09-01,seed-research-2026-09,VERIFIED
b6028c8c-227b-580c-82e6-23d9b89f76ca,INSTITUTION_COURSE,PSYC101,TESU,BSCY,2025-2026,SS1,VERIFIED,https://tesu.smartcatalogiq.com/current/undergraduate-catalog/methods-of-learning-and-earning-credit/transfer-credit/,2026-09-01,seed-research-2026-09,VERIFIED
471ebab3-d2ab-5212-8fc3-3c3bc2ccc49b,INSTITUTION_COURSE,SOCI101,TESU,BSCY,2025-2026,SS2,VERIFIED,https://tesu.smartcatalogiq.com/current/undergraduate-catalog/methods-of-learning-and-earning-credit/transfer-credit/,2026-09-01,seed-research-2026-09,VERIFIED
9d538b92-0fac-51c4-b672-0eaad7ba6681,INSTITUTION_COURSE,SPCH101,TESU,BSCY,2025-2026,COMM,VERIFIED,https://tesu.smartcatalogiq.com/current/undergraduate-catalog/methods-of-learning-and-earning-credit/transfer-credit/,2026-09-01,seed-research-2026-09,VERIFIED
d3762174-c46b-5e27-aab0-c2618ad7239a,INSTITUTION_COURSE,CSCI101,TESU,BSCY,2025-2026,INFO,VERIFIED,https://tesu.smartcatalogiq.com/current/undergraduate-catalog/methods-of-learning-and-earning-credit/transfer-credit/,2026-09-01,seed-research-2026-09,VERIFIED
651033be-4c0d-5f59-81ba-128c41198332,INSTITUTION_COURSE,IT101,TESU,BSCY,2025-2026,IT101,VERIFIED,https://tesu.smartcatalogiq.com/current/undergraduate-catalog/methods-of-learning-and-earning-credit/transfer-credit/,2026-09-01,seed-research-2026-09,VERIFIED
d2433cdf-6e45-550d-916e-e91bd1aaf196,INSTITUTION_COURSE,NET101,TESU,BSCY,2025-2026,NET,VERIFIED,https://tesu.smartcatalogiq.com/current/undergraduate-catalog/methods-of-learning-and-earning-credit/transfer-credit/,2026-09-01,seed-research-2026-09,VERIFIED
15752ee9-d19b-50a6-a841-4f30912d6ed1,INSTITUTION_COURSE,SEC101,TESU,BSCY,2025-2026,SEC1,VERIFIED,https://tesu.smartcatalogiq.com/current/undergraduate-catalog/methods-of-learning-and-earning-credit/transfer-credit/,2026-09-01,seed-research-2026-09,VERIFIED
