id,institution_code,program_code,catalog_year,rule_type,rule_value,unit,effective_date,expiration_date,source_url,last_verified_at,verified_by,verification_status,notes
5c6fecea-86b3-57bf-82b1-c2fa00160e8e,UMPI,BSBA,2025-2026,MAX_TRANSFER_CREDITS,90,CREDITS,2026-01-01,,https://www.umpi.edu/yourpace/faqs/,2026-09-01,seed-research-2026-09,VERIFIED,
8885875a-d3bd-53b5-bca5-61da902bcc9c,UMPI,BSBA,2025-2026,RESIDENCY_CREDIT_MINIMUM,30,CREDITS,2026-01-01,,https://www.umpi.edu/yourpace/faqs/,2026-09-01,seed-research-2026-09,VERIFIED,
9c00bb8a-a73c-5e4d-8b60-79f044d57687,UMPI,BSBA,2025-2026,UPPER_LEVEL_CREDIT_MINIMUM,30,CREDITS,2026-01-01,,https://www.umpi.edu/yourpace/faqs/,2026-09-01,seed-research-2026-09,VERIFIED,
d8f546c2-850e-5e1e-b51f-ecb500a83128,UMPI,BSBA,2025-2026,ACE_ACCEPTANCE,ACCEPTED,ENUM,2026-01-01,,https://www.umpi.edu/yourpace/faqs/,2026-09-01,seed-research-2026-09,VERIFIED,
116594fa-095f-5624-b3d0-ce5ea8c03428,UMPI,BSBA,2025-2026,NCCRS_ACCEPTANCE,CASE_BY_CASE,ENUM,2026-01-01,,https://www.umpi.edu/yourpace/faqs/,2026-09-01,seed-research-2026-09,VERIFIED,
eaf6f9c5-92d3-5261-aa6b-61c665a2880f,UMPI,BSBA,2025-2026,PLA_ACCEPTANCE,ACCEPTED,ENUM,2026-01-01,,https://www.umpi.edu/yourpace/faqs/,2026-09-01,seed-research-2026-09,VERIFIED,
96c346a0-e279-5a9d-8185-e6331dbd963a,UMPI,BSBA,2025-2026,TUITION,1800,PER_TERM,2026-01-01,,https://www.umpi.edu/student-financial-services/student-accounts/tuition-a-fees/,2026-09-01,seed-research-2026-09,VERIFIED,
4fa29b75-c585-55b3-9006-7291eb2664a4,UMPI,BSBA,2025-2026,TERM_WEEKS,8,WEEKS,2026-01-01,,https://www.umpi.edu/yourpace/faqs/,2026-09-01,seed-research-2026-09,VERIFIED,
c4b2d800-b290-563a-a454-c0da26d91da3,UMPI,BSBA,2025-2026,APPLICATION_FEE,0,USD,2026-01-01,,https://www.umpi.edu/yourpace/faqs/,2026-09-01,seed-research-2026-09,VERIFIED,
64062361-7f8c-5976-aedf-7f6d866dd04a,UMPI,BSBA,2025-2026,GRADUATION_FEE,0,USD,2026-01-01,,https://www.umpi.edu/yourpace/faqs/,2026-09-01,seed-research-2026-09,VERIFIED,
7cfe40c6-b9b1-517d-a3f7-7388c684cd54,UMPI,BSBA,2025-2026,TRANSCRIPT_EVALUATION_FEE,0,USD,2026-01-01,,https://www.umpi.edu/yourpace/faqs/,2026-09-01,seed-research-2026-09,VERIFIED,
338a63ea-6323-5d26-b61d-e7c1239cde25,UMPI,BSBA,2025-2026,TECHNOLOGY_FEE,0,USD,2026-01-01,,https://www.umpi.edu/yourpace/faqs/,2026-09-01,seed-research-2026-09,VERIFIED,
dd11f314-f313-53b0-b35e-2e6187e814ad,UMPI,BSCY,2025-2026,MAX_TRANSFER_CREDITS,90,CREDITS,2026-01-01,,https://www.umpi.edu/yourpace/faqs/,2026-09-01,seed-research-2026-09,VERIFIED,
72e8282d-ad53-59b4-81f1-7efe4904dfe9,UMPI,BSCY,2025-2026,RESIDENCY_CREDIT_MINIMUM,30,CREDITS,2026-01-01,,https://www.umpi.edu/yourpace/faqs/,2026-09-01,seed-research-2026-09,VERIFIED,
ea5c2410-c9e1-50f0-93a3-b66ad535dd65,UMPI,BSCY,2025-2026,UPPER_LEVEL_CREDIT_MINIMUM,30,CREDITS,2026-01-01,,https://www.umpi.edu/yourpace/faqs/,2026-09-01,seed-research-2026-09,VERIFIED,
d8317b6f-5c9d-5891-85ac-f1551d6eac2b,UMPI,BSCY,2025-2026,ACE_ACCEPTANCE,ACCEPTED,ENUM,2026-01-01,,https://www.umpi.edu/yourpace/faqs/,2026-09-01,seed-research-2026-09,VERIFIED,
e4a42f02-2626-52f0-ba02-67f6cc7d47a3,UMPI,BSCY,2025-2026,NCCRS_ACCEPTANCE,CASE_BY_CASE,ENUM,2026-01-01,,https://www.umpi.edu/yourpace/faqs/,2026-09-01,seed-research-2026-09,VERIFIED,
85099e77-3a24-5e44-9c04-3b96a86d6b50,UMPI,BSCY,2025-2026,PLA_ACCEPTANCE,ACCEPTED,ENUM,2026-01-01,,https://www.umpi.edu/yourpace/faqs/,2026-09-01,seed-research-2026-09,VERIFIED,
052ccb5a-f70e-503f-b9a1-570d8c617b3d,UMPI,BSCY,2025-2026,TUITION,1800,PER_TERM,2026-01-01,,https://www.umpi.edu/student-financial-services/student-accounts/tuition-a-fees/,2026-09-01,seed-research-2026-09,VERIFIED,
85f552af-d6d4-5771-9450-b0a87c9693a0,UMPI,BSCY,2025-2026,TERM_WEEKS,8,WEEKS,2026-01-01,,https://www.umpi.edu/yourpace/faqs/,2026-09-01,seed-research-2026-09,VERIFIED,
9b1dac84-63e3-5b05-ba91-d3a0bb93dc6b,UMPI,BSCY,2025-2026,APPLICATION_FEE,0,USD,2026-01-01,,https://www.umpi.edu/yourpace/faqs/,2026-09-01,seed-research-2026-09,VERIFIED,
0a23a1a5-ea5d-504f-bfaa-d4d38dcf0030,UMPI,BSCY,2025-2026,GRADUATION_FEE,0,USD,2026-01-01,,https://www.umpi.edu/yourpace/faqs/,2026-09-01,seed-research-2026-09,VERIFIED,
a94aeb41-b290-55a4-9970-07205416ebd8,UMPI,BSCY,2025-2026,TRANSCRIPT_EVALUATION_FEE,0,USD,2026-01-01,,https://www.umpi.edu/yourpace/faqs/,2026-09-01,seed-research-2026-09,VERIFIED,
1db2e13c-593b-590b-9bba-29225e43acbe,UMPI,BSCY,2025-2026,TECHNOLOGY_FEE,0,USD,2026-01-01,,https://www.umpi.edu/yourpace/faqs/,2026-09-01,seed-research-2026-09,VERIFIED,
479c68c5-25cb-5519-9c00-2b0f531bd911,WGU,BSBA,2026-03,MAX_TRANSFER_CREDITS,90,CREDITS,2026-01-01,,https://www.wgu.edu/financial-aid-tuition/tuition-business-degrees.html,2026-09-01,seed-research-2026-09,VERIFIED,
dbbe3510-7143-5551-ab3f-0ae2728be0c4,WGU,BSBA,2026-03,RESIDENCY_CREDIT_MINIMUM,30,CREDITS,2026-01-01,,https://www.wgu.edu/financial-aid-tuition/tuition-business-degrees.html,2026-09-01,seed-research-2026-09,VERIFIED,
7aa41f2a-429c-5250-90e9-8ae0a05e474e,WGU,BSBA,2026-03,UPPER_LEVEL_CREDIT_MINIMUM,30,CREDITS,2026-01-01,,https://www.wgu.edu/financial-aid-tuition/tuition-business-degrees.html,2026-09-01,seed-research-2026-09,VERIFIED,
79df99af-2154-56f9-99cc-287110ceec48,WGU,BSBA,2026-03,ACE_ACCEPTANCE,ACCEPTED,ENUM,2026-01-01,,https://www.wgu.edu/financial-aid-tuition/tuition-business-degrees.html,2026-09-01,seed-research-2026-09,VERIFIED,
05f037af-18ee-5745-8077-c7cda4981b02,WGU,BSBA,2026-03,NCCRS_ACCEPTANCE,ACCEPTED,ENUM,2026-01-01,,https://www.wgu.edu/financial-aid-tuition/tuition-business-degrees.html,2026-09-01,seed-research-2026-09,VERIFIED,
13542c84-7d82-584a-91e1-ef303bcbdcc0,WGU,BSBA,2026-03,PLA_ACCEPTANCE,LIMITED,ENUM,2026-01-01,,https://www.wgu.edu/financial-aid-tuition/tuition-business-degrees.html,2026-09-01,seed-research-2026-09,VERIFIED,
f484ece3-58f5-5a11-9f56-d3816c72814e,WGU,BSBA,2026-03,TUITION,3850,PER_TERM,2026-01-01,,https://www.wgu.edu/financial-aid-tuition/tuition-business-degrees.html,2026-09-01,seed-research-2026-09,VERIFIED,
742551cb-7b2b-5cb6-976b-ea75a7e2730e,WGU,BSBA,2026-03,TERM_WEEKS,26,WEEKS,2026-01-01,,https://www.wgu.edu/financial-aid-tuition/tuition-business-degrees.html,2026-09-01,seed-research-2026-09,VERIFIED,
64a02d5e-286c-5917-b0b1-d9493f2aa032,WGU,BSBA,2026-03,APPLICATION_FEE,65,USD,2026-01-01,,https://www.wgu.edu/financial-aid-tuition/tuition-business-degrees.html,2026-09-01,seed-research-2026-09,VERIFIED,
35a0a26b-26f8-5fcf-8b91-dbe13c26cdca,WGU,BSBA,2026-03,GRADUATION_FEE,0,USD,2026-01-01,,https://www.wgu.edu/financial-aid-tuition/tuition-business-degrees.html,2026-09-01,seed-research-2026-09,VERIFIED,
c04fe4e3-7ff7-554a-a5e7-036d80c29e37,WGU,BSBA,2026-03,TRANSCRIPT_EVALUATION_FEE,0,USD,2026-01-01,,https://www.wgu.edu/financial-aid-tuition/tuition-business-degrees.html,2026-09-01,seed-research-2026-09,VERIFIED,
e60be0b6-22b0-55ee-9596-5e9670423863,WGU,BSBA,2026-03,RESOURCE_FEE,200,PER_TERM,2026-01-01,,https://www.wgu.edu/financial-aid-tuition/tuition-business-degrees.html,2026-09-01,seed-research-2026-09,VERIFIED,
e03bf54f-7320-5eb5-9c55-6a382aa03f92,WGU,BSCIA,2026-03,MAX_TRANSFER_CREDITS,90,CREDITS,2026-01-01,,https://www.wgu.edu/financial-aid-tuition/tuition-it-degrees.html,2026-09-01,seed-research-2026-09,VERIFIED,
fa169da5-eab6-5f9d-aca8-3fcd9499be5e,WGU,BSCIA,2026-03,RESIDENCY_CREDIT_MINIMUM,30,CREDITS,2026-01-01,,https://www.wgu.edu/financial-aid-tuition/tuition-it-degrees.html,2026-09-01,seed-research-2026-09,VERIFIED,
8a203941-b3eb-59e0-b7ce-672880638610,WGU,BSCIA,2026-03,UPPER_LEVEL_CREDIT_MINIMUM,40,CREDITS,2026-01-01,,https://www.wgu.edu/financial-aid-tuition/tuition-it-degrees.html,2026-09-01,seed-research-2026-09,VERIFIED,
30fd1eb3-766a-5a65-9503-9ade03d9d889,WGU,BSCIA,2026-03,ACE_ACCEPTANCE,ACCEPTED,ENUM,2026-01-01,,https://www.wgu.edu/financial-aid-tuition/tuition-it-degrees.html,2026-09-01,seed-research-2026-09,VERIFIED,
a4f25748-d2f4-5b56-8cb4-fe53c2f1e772,WGU,BSCIA,2026-03,NCCRS_ACCEPTANCE,ACCEPTED,ENUM,2026-01-01,,https://www.wgu.edu/financial-aid-tuition/tuition-it-degrees.html,2026-09-01,seed-research-2026-09,VERIFIED,
c6ae649d-f86e-5c75-87bc-a6d7bcbf744f,WGU,BSCIA,2026-03,PLA_ACCEPTANCE,LIMITED,ENUM,2026-01-01,,https://www.wgu.edu/financial-aid-tuition/tuition-it-degrees.html,2026-09-01,seed-research-2026-09,VERIFIED,
2cfabeb6-6f69-52e0-80b5-b38f26ff2743,WGU,BSCIA,2026-03,TUITION,4425,PER_TERM,2026-01-01,,https://www.wgu.edu/financial-aid-tuition/tuition-it-degrees.html,2026-09-01,seed-research-2026-09,VERIFIED,
f6a74ea3-1a6e-5cb6-a9c5-bd8393e10d09,WGU,BSCIA,2026-03,TERM_WEEKS,26,WEEKS,2026-01-01,,https://www.wgu.edu/financial-aid-tuition/tuition-it-degrees.html,2026-09-01,seed-research-2026-09,VERIFIED,
ee32e44f-6808-510b-b251-cfc56a9a4b0b,WGU,BSCIA,2026-03,APPLICATION_FEE,65,USD,2026-01-01,,https://www.wgu.edu/financial-aid-tuition/tuition-it-degrees.html,2026-09-01,seed-research-2026-09,VERIFIED,
d08c429a-8104-5377-84a8-2a3a7a34778d,WGU,BSCIA,2026-03,GRADUATION_FEE,0,USD,2026-01-01,,https://www.wgu.edu/financial-aid-tuition/tuition-it-degrees.html,2026-09-01,seed-research-2026-09,VERIFIED,
803f71da-627d-5e6b-8e95-2210441c7c8b,WGU,BSCIA,2026-03,TRANSCRIPT_EVALUATION_FEE,0,USD,2026-01-01,,https://www.wgu.edu/financial-aid-tuition/tuition-it-degrees.html,2026-09-01,seed-research-2026-09,VERIFIED,
65802f26-ee57-5133-9dc5-a47896c788e0,WGU,BSCIA,2026-03,RESOURCE_FEE,200,PER_TERM,2026-01-01,,https://www.wgu.edu/financial-aid-tuition/tuition-it-degrees.html,2026-09-01,seed-research-2026-09,VERIFIED,
09307943-9703-523a-95bf-f2f3445cfbba,TESU,BSBA,2025-2026,MAX_TRANSFER_CREDITS,105,CREDITS,2026-01-01,,https://tesu.smartcatalogiq.com/current/undergraduate-catalog/methods-of-learning-and-earning-credit/transfer-credit/,2026-09-01,seed-research-2026-09,VERIFIED,
29d165ca-ee8d-54b9-988b-c592d3539f10,TESU,BSBA,2025-2026,RESIDENCY_CREDIT_MINIMUM,15,CREDITS,2026-01-01,,https://tesu.smartcatalogiq.com/current/undergraduate-catalog/university-policies-and-procedures/undergraduate-academic-policies/enrollment/residency-requirements/,2026-09-01,seed-research-2026-09,VERIFIED,
6472b74d-c5c8-5fe3-a2b4-6fa338e893d6,TESU,BSBA,2025-2026,UPPER_LEVEL_CREDIT_MINIMUM,18,CREDITS,2026-01-01,,https://www.tesu.edu/tuition-financial-aid/tuition-fees/undergraduate.php,2026-09-01,seed-research-2026-09,VERIFIED,
1847d99b-297e-5a5b-ba16-20bd8a3d1973,TESU,BSBA,2025-2026,ACE_ACCEPTANCE,ACCEPTED,ENUM,2026-01-01,,https://www.tesu.edu/tuition-financial-aid/tuition-fees/undergraduate.php,2026-09-01,seed-research-2026-09,VERIFIED,
31e43c26-d537-54af-8062-0ed0413ca10e,TESU,BSBA,2025-2026,NCCRS_ACCEPTANCE,ACCEPTED,ENUM,2026-01-01,,https://www.tesu.edu/tuition-financial-aid/tuition-fees/undergraduate.php,2026-09-01,seed-research-2026-09,VERIFIED,
2d98d02a-5f1a-5164-baf2-8338ab6a1a7a,TESU,BSBA,2025-2026,PLA_ACCEPTANCE,ACCEPTED,ENUM,2026-01-01,,https://www.tesu.edu/tuition-financial-aid/tuition-fees/undergraduate.php,2026-09-01,seed-research-2026-09,VERIFIED,
c29a4a12-97e1-5a68-935d-7a7c4c749689,TESU,BSBA,2025-2026,TUITION,584,PER_CREDIT,2026-01-01,,https://www.tesu.edu/tuition-financial-aid/tuition-fees/undergraduate.php,2026-09-01,seed-research-2026-09,VERIFIED,
cccd3cf9-46f0-5b79-bd18-e3eee2c3e4b3,TESU,BSBA,2025-2026,TERM_WEEKS,16,WEEKS,2026-01-01,,https://www.tesu.edu/tuition-financial-aid/tuition-fees/undergraduate.php,2026-09-01,seed-research-2026-09,VERIFIED,
ff8db2aa-97cb-5f32-9912-ae09e36660a7,TESU,BSBA,2025-2026,APPLICATION_FEE,50,USD,2026-01-01,,https://www.tesu.edu/tuition-financial-aid/tuition-fees/undergraduate.php,2026-09-01,seed-research-2026-09,VERIFIED,
b89d4653-bea5-5329-b44a-71eef56569e1,TESU,BSBA,2025-2026,GRADUATION_FEE,0,USD,2026-01-01,,https://www.tesu.edu/tuition-financial-aid/tuition-fees/undergraduate.php,2026-09-01,seed-research-2026-09,VERIFIED,
d2a08705-c9ca-55b5-9b8c-c9b729c1b225,TESU,BSBA,2025-2026,TRANSCRIPT_EVALUATION_FEE,0,USD,2026-01-01,,https://www.tesu.edu/tuition-financial-aid/tuition-fees/undergraduate.php,2026-09-01,seed-research-2026-09,VERIFIED,
fb1d6a64-3a43-5b9c-8ea5-85d1c649bc99,TESU,BSBA,2025-2026,ACCELERATE_FEE,3468,USD,2026-01-01,,https://www.tesu.edu/tuition-financial-aid/tuition-fees/undergraduate.php,2026-09-01,seed-research-2026-09,VERIFIED,
992d61d3-bbf8-5638-b006-5d33908443a8,TESU,BSCY,2025-2026,MAX_TRANSFER_CREDITS,105,CREDITS,2026-01-01,,https://tesu.smartcatalogiq.com/current/undergraduate-catalog/methods-of-learning-and-earning-credit/transfer-credit/,2026-09-01,seed-research-2026-09,VERIFIED,
f40bd1a3-c01d-51db-a8f3-1ca30d6abc1b,TESU,BSCY,2025-2026,RESIDENCY_CREDIT_MINIMUM,15,CREDITS,2026-01-01,,https://tesu.smartcatalogiq.com/current/undergraduate-catalog/university-policies-and-procedures/undergraduate-academic-policies/enrollment/residency-requirements/,2026-09-01,seed-research-2026-09,VERIFIED,
ecdcf02a-e9bb-598d-8b80-7da1a9ceb96e,TESU,BSCY,2025-2026,UPPER_LEVEL_CREDIT_MINIMUM,18,CREDITS,2026-01-01,,https://www.tesu.edu/tuition-financial-aid/tuition-fees/undergraduate.php,2026-09-01,seed-research-2026-09,VERIFIED,
6faad4a4-a743-57be-9c37-468318acf8ab,TESU,BSCY,2025-2026,ACE_ACCEPTANCE,ACCEPTED,ENUM,2026-01-01,,https://www.tesu.edu/tuition-financial-aid/tuition-fees/undergraduate.php,2026-09-01,seed-research-2026-09,VERIFIED,
315fa0a0-a3d6-5d9e-9de1-01cdf5b868b8,TESU,BSCY,2025-2026,NCCRS_ACCEPTANCE,ACCEPTED,ENUM,2026-01-01,,https://www.tesu.edu/tuition-financial-aid/tuition-fees/undergraduate.php,2026-09-01,seed-research-2026-09,VERIFIED,
900233af-7a14-59ec-b8e3-acd0e75d4266,TESU,BSCY,2025-2026,PLA_ACCEPTANCE,ACCEPTED,ENUM,2026-01-01,,https://www.tesu.edu/tuition-financial-aid/tuition-fees/undergraduate.php,2026-09-01,seed-research-2026-09,VERIFIED,
10479d42-9742-5765-b052-863c9e8f15c5,TESU,BSCY,2025-2026,TUITION,584,PER_CREDIT,2026-01-01,,https://www.tesu.edu/tuition-financial-aid/tuition-fees/undergraduate.php,2026-09-01,seed-research-2026-09,VERIFIED,
0e265217-b01a-5cdf-9e33-26ea73cd9f7b,TESU,BSCY,2025-2026,TERM_WEEKS,16,WEEKS,2026-01-01,,https://www.tesu.edu/tuition-financial-aid/tuition-fees/undergraduate.php,2026-09-01,seed-research-2026-09,VERIFIED,
ca3c962d-9b8c-5d13-bb26-7865f3f2eb89,TESU,BSCY,2025-2026,APPLICATION_FEE,50,USD,2026-01-01,,https://www.tesu.edu/tuition-financial-aid/tuition-fees/undergraduate.php,2026-09-01,seed-research-2026-09,VERIFIED,
1afdb545-983c-5a56-955a-6c6f64a9b8ea,TESU,BSCY,2025-2026,GRADUATION_FEE,0,USD,2026-01-01,,https://www.tesu.edu/tuition-financial-aid/tuition-fees/undergraduate.php,2026-09-01,seed-research-2026-09,VERIFIED,
91048cf7-51fd-5e0d-9740-ed55702dd3c1,TESU,BSCY,2025-2026,TRANSCRIPT_EVALUATION_FEE,0,USD,2026-01-01,,https://www.tesu.edu/tuition-financial-aid/tuition-fees/undergraduate.php,2026-09-01,seed-research-2026-09,VERIFIED,
da250607-ac0a-5917-9b87-0bcd322f5f7f,TESU,BSCY,2025-2026,ACCELERATE_FEE,3468,USD,2026-01-01,,https://www.tesu.edu/tuition-financial-aid/tuition-fees/undergraduate.php,2026-09-01,seed-research-2026-09,VERIFIED,
