id,institution_code,code,name,degree_family,catalog_year,total_credits,source_url,last_verified_at,verified_by,verification_status,notes
9c62307e-c786-5fa8-bd0e-341cc39b40f7,UMPI,BSBA,Bachelor of Science in Business Administration,BUSINESS_ADMINISTRATION,2025-2026,120,https://www.umpi.edu/yourpace/academic_programs/business-administration/,2026-09-01,seed-research-2026-09,VERIFIED,
6940e7d5-6909-57ce-a55b-853896110018,UMPI,BSCY,Bachelor of Science in Cybersecurity,CYBERSECURITY,2025-2026,120,https://www.umpi.edu/yourpace/academic_programs/cybersecurity/,2026-09-01,seed-research-2026-09,VERIFIED,YourPace Cybersecurity listed as expanding; requirement list compiled from published UMPI BS Cybersecurity plan.
a80b084a-0ff7-5f40-b8a5-dc814d92a39a,WGU,BSBA,"Bachelor of Science, Business Administration — Business Management",BUSINESS_ADMINISTRATION,2026-03,120,https://www.wgu.edu/online-business-degrees/business-administration-bachelors-program.html,2026-09-01,seed-research-2026-09,VERIFIED,
e82cd78f-ba09-5f81-a2c9-e409b9dc6810,WGU,BSCIA,"Bachelor of Science, Cybersecurity and Information Assurance",CYBERSECURITY,2026-03,120,https://www.wgu.edu/online-it-degrees/cybersecurity-information-assurance-bachelors-program.html,2026-09-01,seed-research-2026-09,VERIFIED,
c6b6a65c-77fb-51cc-9dfd-949e76bdf1ed,TESU,BSBA,Bachelor of Science in Business Administration,BUSINESS_ADMINISTRATION,2025-2026,120,https://www.tesu.edu/business/undergrad/bsba,2026-09-01,seed-research-2026-09,VERIFIED,
75cf99d0-2a90-5857-8efc-e6db6c146f94,TESU,BSCY,Bachelor of Science in Cybersecurity,CYBERSECURITY,2025-2026,120,https://www.tesu.edu/ast/undergrad/bs-cybersecurity,2026-09-01,seed-research-2026-09,VERIFIED,
9d663497-3e99-521f-8b4b-e6725c4ca86e,TESU,BALS,Bachelor of Arts in Liberal Studies,PROFESSIONAL_STUDIES,2025-2026,120,https://www.tesu.edu/heavin/undergrad/ba-liberal-studies,2026-09-01,seed-research-2026-09,VERIFIED,
b9071aca-d967-5ae0-84af-70d249775d72,EXCELSIOR,BSBA,Bachelor of Science in Business,BUSINESS_ADMINISTRATION,2025-2026,120,https://www.excelsior.edu/program/bachelors-business/,2026-09-01,seed-research-2026-09,VERIFIED,"Fixed-rate BS Business option is $3,200 per trimester beginning Spring 2026; seed models the standard $510/credit non-nursing rate unless the student qualifies for the fixed-rate plan."
fc2913b2-ca14-5186-8ac7-ca501599f486,EXCELSIOR,BSCY,Bachelor of Science in Cybersecurity,CYBERSECURITY,2025-2026,120,https://www.excelsior.edu/program/bachelors-cybersecurity/,2026-09-01,seed-research-2026-09,VERIFIED,
8232dee0-115c-5158-a8ca-f46b38fa2d45,EXCELSIOR,BSLA,Bachelor of Science in Liberal Arts,PROFESSIONAL_STUDIES,2025-2026,120,https://www.excelsior.edu/program/bachelors-liberal-arts/,2026-09-01,seed-research-2026-09,VERIFIED,
1fa83b88-05e8-5a7b-94cb-2da8891f1496,COSC,BSBA,Bachelor of Science in Business Administration,BUSINESS_ADMINISTRATION,2026-2027,120,https://www.charteroak.edu/catalog/current/undergraduate_programs/,2026-09-01,seed-research-2026-09,VERIFIED,
59fd904f-2893-5358-93a2-3c0542a3e2b2,COSC,BSCY,Bachelor of Science in Cyber Security,CYBERSECURITY,2026-2027,120,https://www.charteroak.edu/catalog/current/undergraduate_programs/,2026-09-01,seed-research-2026-09,VERIFIED,
64e4d8e2-eb84-58e6-92ac-c0799835faef,COSC,BSGS,Bachelor of Science in General Studies,PROFESSIONAL_STUDIES,2026-2027,120,https://www.charteroak.edu/catalog/current/undergraduate_programs/,2026-09-01,seed-research-2026-09,VERIFIED,General Studies capstone is residency-required; upper-level-in-major minimum is lighter than other COSC majors.
b34a8890-b37a-5053-b90d-95ee197a90e8,SNHU,BSBA,Bachelor of Science in Business Administration,BUSINESS_ADMINISTRATION,2026-2027,120,https://www.snhu.edu/online-degrees/bachelors/bs-in-business-administration,2026-09-01,seed-research-2026-09,VERIFIED,
a3e90fda-780d-5aa3-9d71-7c558a8b677d,SNHU,BSCY,Bachelor of Science in Cybersecurity,CYBERSECURITY,2026-2027,120,https://www.snhu.edu/online-degrees/bachelors/bs-in-cybersecurity,2026-09-01,seed-research-2026-09,VERIFIED,
6b6d512a-639d-592a-997a-5440dc212265,SNHU,BAGS,Bachelor of Arts in General Studies,PROFESSIONAL_STUDIES,2026-2027,120,https://www.snhu.edu/online-degrees/bachelors/ba-in-general-studies,2026-09-01,seed-research-2026-09,VERIFIED,
cc5782b4-ba6b-5e89-82c7-ad13aebe582c,UMASS,BBA,Bachelor of Business Administration — MyPath,BUSINESS_ADMINISTRATION,2025-2026,120,https://www.umassglobal.edu/academic-programs/bba-business-administration-self-paced,2026-09-01,seed-research-2026-09,VERIFIED,
8e187a0f-d6b2-5e45-871b-82cb1146bac2,UMASS,BSIT,Bachelor of Science in Information Technology — MyPath,CYBERSECURITY,2025-2026,120,https://www.umassglobal.edu/academic-programs/bachelors-degrees,2026-09-01,seed-research-2026-09,VERIFIED,MyPath IT is the self-paced bachelor's path used here for cybersecurity / IT planning.
c7587431-ce71-528e-8d7b-a82328257a45,UMASS,BAAS,Bachelor of Arts in Applied Studies — Leadership MyPath,PROFESSIONAL_STUDIES,2025-2026,120,https://www.umassglobal.edu/academic-programs/bachelors-degrees,2026-09-01,seed-research-2026-09,VERIFIED,
e9b515f2-d22b-5f76-a834-ede60188fa69,PG,BSBA,Bachelor of Science in Business Administration — ExcelTrack,BUSINESS_ADMINISTRATION,2025-2026,120,https://www.purdueglobal.edu/student-experience/personalized-learning/,2026-09-01,seed-research-2026-09,VERIFIED,ExcelTrack self-paced bachelor's path. Purdue Global catalogs 180 quarter credits; stored as 120 semester-equivalent.
ff54f985-0c63-51a6-919a-f5941d464b8f,PG,BSCY,Bachelor of Science in Cybersecurity — ExcelTrack,CYBERSECURITY,2025-2026,120,https://www.purdueglobal.edu/student-experience/personalized-learning/,2026-09-01,seed-research-2026-09,VERIFIED,ExcelTrack self-paced bachelor's path. Semester-equivalent credits.
1dd98556-d31c-5c01-bec5-06ed01bf7904,PG,BSPS,Bachelor of Science in Professional Studies,PROFESSIONAL_STUDIES,2025-2026,120,https://www.purdueglobal.edu/degree-programs/professional-studies/bachelor-degree-professional-studies/,2026-09-01,seed-research-2026-09,VERIFIED,Open / individualized bachelor's. Tuition is $195 per month plus ASK assessment fees and the PR499 capstone. Not the ExcelTrack per-term rate.
